DATE;TIME;VOLUME;OPEN;CLOSE;MIN;MAX
09-07-2007;00:00:01;16750;41.02;40.71;40.43;41.02
10-07-2007;00:00:01;19439;40.71;40.38;40.27;40.75
11-07-2007;00:00:01;20729;40.38;40.82;40.38;40.98
12-07-2007;00:00:01;25929;40.82;41.55;40.66;41.58
13-07-2007;00:00:01;22207;41.55;41.18;40.82;41.55
16-07-2007;00:00:01;23369;41.18;41.06;40.83;41.23
17-07-2007;00:00:01;25043;41.06;41.47;41.06;41.75
18-07-2007;00:00:01;24081;41.47;41.39;40.91;41.66
19-07-2007;00:00:01;25029;41.39;42.2;41.39;42.55
20-07-2007;00:00:01;26057;42.2;41.61;41.19;42.2
23-07-2007;00:00:01;27009;41.61;42.36;41.61;42.85
24-07-2007;00:00:01;25173;42.36;41.79;41.64;42.63
25-07-2007;00:00:01;25106;41.79;41.72;41.41;42.03
26-07-2007;00:00:01;40550;41.72;41.19;40.3;41.89
27-07-2007;00:00:01;32899;41.19;40.39;40.24;41.19
30-07-2007;00:00:01;30555;40.39;40.89;40.39;41.11
31-07-2007;00:00:01;33836;40.89;40.29;40.1;41.01
01-08-2007;00:00:01;41327;40.29;39.56;38.81;40.29
02-08-2007;00:00:01;32599;39.56;39.52;39.14;39.78
03-08-2007;00:00:01;35580;39.52;38.75;38.7;39.66
06-08-2007;00:00:01;30498;38.75;39.37;38.75;39.79
07-08-2007;00:00:01;26730;39.37;39.41;38.61;39.81
08-08-2007;00:00:01;25242;39.41;40.22;39.41;40.66
09-08-2007;00:00:01;25091;40.22;40.73;40.22;41.74
10-08-2007;00:00:01;20913;40.73;41.06;40.17;41.61
13-08-2007;00:00:01;22116;41.06;40.82;40.63;41.06
14-08-2007;00:00:01;24304;40.82;40.41;40.16;40.91
15-08-2007;00:00:01;24231;40.41;40.21;40.12;41.24
16-08-2007;00:00:01;25229;40.21;39.95;39.28;40.57
17-08-2007;00:00:01;21376;39.95;40.35;39.47;40.5
20-08-2007;00:00:01;21795;40.35;40.73;40.06;40.88
21-08-2007;00:00:01;12190;40.73;40.27;39.86;40.97
22-08-2007;00:00:01;10778;40.27;40.71;40.1;40.94
23-08-2007;00:00:01;11531;40.71;40.38;40.35;40.96
24-08-2007;00:00:01;12046;40.38;40.03;39.8;40.66
27-08-2007;00:00:01;12878;40.03;40.84;40.03;40.96
28-08-2007;00:00:01;13724;40.84;41.32;40.65;41.64
29-08-2007;00:00:01;13084;41.32;41.8;40.83;41.96
30-08-2007;00:00:01;13376;41.8;42.93;41.79;43.04
31-08-2007;00:00:01;12347;42.93;42.79;42.19;42.96
03-09-2007;00:00:01;5891;42.79;42.73;42.72;42.79
04-09-2007;00:00:01;13937;42.73;43.36;42.68;43.4
05-09-2007;00:00:01;16854;43.36;43.79;43.22;43.81
06-09-2007;00:00:01;12700;43.79;43.89;43.5;44
07-09-2007;00:00:01;12449;43.89;42.67;42.55;43.89
10-09-2007;00:00:01;14406;42.67;43.35;42.66;43.81
11-09-2007;00:00:01;12665;43.35;43.57;43.19;43.79
12-09-2007;00:00:01;10356;43.57;43.79;43.4;43.91
13-09-2007;00:00:01;8042;43.79;43.53;43.3;44.02
14-09-2007;00:00:01;12941;43.53;43.58;42.89;43.65
17-09-2007;00:00:01;17411;43.58;42.84;42.54;43.72
18-09-2007;00:00:01;23051;42.84;43.43;42.83;44.81
19-09-2007;00:00:01;16614;43.43;43.45;43.3;44.1
20-09-2007;00:00:01;12195;43.45;43.14;43.08;44.02
21-09-2007;00:00:01;13150;43.14;42.55;42.26;43.37
24-09-2007;00:00:01;14615;42.55;41.7;41.57;42.56
25-09-2007;00:00:01;15012;41.7;42.13;41.3;42.2
26-09-2007;00:00:01;36311;42.13;43.4;42.13;44.01
27-09-2007;00:00:01;27688;43.4;43.46;43.09;43.65
28-09-2007;00:00:01;30540;43.46;43.67;43.36;43.96
01-10-2007;00:00:01;26645;43.67;44;42.94;44.16
02-10-2007;00:00:01;20538;44;44.25;43.74;44.5
03-10-2007;00:00:01;21918;44.25;43.99;43.77;44.37
04-10-2007;00:00:01;23756;43.99;44.24;43.85;44.5
05-10-2007;00:00:01;24061;44.24;44.63;44.09;44.82
08-10-2007;00:00:01;20871;44.63;44.94;44.4;45.04
09-10-2007;00:00:01;19247;44.94;44.95;44.41;45.3
10-10-2007;00:00:01;17992;44.95;45.56;44.62;45.71
11-10-2007;00:00:01;19861;45.56;45.49;45.37;46.21
12-10-2007;00:00:01;20383;45.49;46.15;45.38;46.33
15-10-2007;00:00:01;23729;46.15;45.74;45.2;46.15
16-10-2007;00:00:01;21029;45.74;45.65;45.33;45.9
17-10-2007;00:00:01;22617;45.65;45.96;45.17;46.33
18-10-2007;00:00:01;24820;45.96;47.13;45.76;47.42
19-10-2007;00:00:01;25925;47.13;46.28;46.24;47.48
22-10-2007;00:00:01;25234;46.28;47.14;46.15;47.18
23-10-2007;00:00:01;24648;47.14;47.76;46.98;47.82
24-10-2007;00:00:01;24758;47.76;48;46.7;48.03
25-10-2007;00:00:01;26242;48;47.21;46.9;48.47
26-10-2007;00:00:01;19629;47.21;47.03;46.72;47.88
29-10-2007;00:00:01;22466;47.03;46.99;46.42;47.26
30-10-2007;00:00:01;22523;46.99;47.51;46.99;47.82
31-10-2007;00:00:01;24739;47.51;47.89;46.81;47.89
01-11-2007;00:00:01;22318;47.89;46.93;46.87;47.9
02-11-2007;00:00:01;23320;46.93;47.9;46.93;48.02
05-11-2007;00:00:01;20986;47.9;47.45;46.91;47.91
06-11-2007;00:00:01;22408;47.45;47.28;47.1;48.27
07-11-2007;00:00:01;21193;47.28;46.65;46.3;47.67
08-11-2007;00:00:01;24717;46.65;44.5;44.01;46.66
09-11-2007;00:00:01;23392;44.5;43.75;43.03;45.07
12-11-2007;00:00:01;24742;43.75;42.53;42.24;43.76
13-11-2007;00:00:01;31531;42.53;40.08;39.53;42.54
14-11-2007;00:00:01;24565;40.08;41.36;40.06;42.06
15-11-2007;00:00:01;23463;41.36;41.26;40.69;41.71
16-11-2007;00:00:01;25229;41.26;42.1;40.78;42.54
19-11-2007;00:00:01;48128;42.1;42.58;41.76;42.87
20-11-2007;00:00:01;39435;42.58;41.65;41.53;42.81
21-11-2007;00:00:01;35574;41.65;41.83;41.47;42.45
22-11-2007;00:00:01;5915;41.83;41.84;41.83;41.85
23-11-2007;00:00:01;20346;41.84;41.89;41.28;41.99
26-11-2007;00:00:01;46203;41.89;40.93;40.82;41.97
27-11-2007;00:00:01;35327;40.93;41.07;40.42;41.59
28-11-2007;00:00:01;43380;41.07;42.01;41.05;42.36
29-11-2007;00:00:01;42978;42.01;42.76;42.01;42.98
30-11-2007;00:00:01;26883;42.76;42.14;41.79;43.14
03-12-2007;00:00:01;33142;42.14;42.69;41.86;43.11
04-12-2007;00:00:01;31569;42.69;43.34;42.22;43.68
05-12-2007;00:00:01;34055;43.34;43.89;43.31;44.3
06-12-2007;00:00:01;37169;43.89;44.52;43.88;44.66
07-12-2007;00:00:01;29416;44.52;44.36;43.85;44.54
10-12-2007;00:00:01;18465;44.36;44.64;44.26;44.79
11-12-2007;00:00:01;45401;44.64;43.23;42.99;44.71
12-12-2007;00:00:01;45472;43.23;43.57;42.92;44.2
13-12-2007;00:00:01;32553;43.57;43.93;43.52;44.06
14-12-2007;00:00:01;39542;43.93;42.12;41.97;43.93
17-12-2007;00:00:01;45487;42.12;40.94;40.57;42.12
18-12-2007;00:00:01;39934;40.94;41.93;40.9;43.97
19-12-2007;00:00:01;29304;41.93;41.87;41.35;42.27
20-12-2007;00:00:01;24747;41.87;42.17;41.56;42.39
21-12-2007;00:00:01;25699;42.17;42.21;41.65;42.62
24-12-2007;00:00:01;18756;42.21;42.85;42.16;43.12
25-12-2007;00:00:01;5829;42.85;42.81;42.81;42.85
26-12-2007;00:00:01;27325;42.81;43.1;42.71;43.24
27-12-2007;00:00:01;24363;43.1;42.38;42.24;43.19
28-12-2007;00:00:01;22913;42.38;42.89;42.33;43.07
31-12-2007;00:00:01;20213;42.89;42.75;42.47;43.15
01-01-2008;00:00:01;5865;42.75;42.71;42.71;42.75
02-01-2008;00:00:01;29864;42.71;41.69;41.43;43.25
03-01-2008;00:00:01;26254;41.69;41.78;41.51;42.23
04-01-2008;00:00:01;29903;41.78;40.34;40.01;41.79
07-01-2008;00:00:01;25560;40.34;40.25;39.66;40.73
08-01-2008;00:00:01;26606;40.25;39.22;39.17;40.25
09-01-2008;00:00:01;28706;39.22;39.47;38.9;39.64
10-01-2008;00:00:01;39489;39.47;39.22;38.69;39.51
11-01-2008;00:00:01;34667;39.22;38.07;37.91;39.26
14-01-2008;00:00:01;40886;38.07;38.48;38.04;38.65
15-01-2008;00:00:01;47870;38.48;37.87;37.74;38.48
16-01-2008;00:00:01;49474;37.87;37.75;37.44;38.4
17-01-2008;00:00:01;58654;37.75;35.53;34.9;37.75
18-01-2008;00:00:01;59573;35.53;35.29;34.8;36.02
21-01-2008;00:00:01;5862;35.29;35.29;35.27;35.29
22-01-2008;00:00:01;41300;35.29;34.03;33;35.29
23-01-2008;00:00:01;75549;34.03;34.38;32.59;34.48
24-01-2008;00:00:01;30764;34.38;34.61;33.65;34.7
25-01-2008;00:00:01;34291;34.61;34.86;34.61;35.62
28-01-2008;00:00:01;31548;34.86;35.15;34.77;35.32
29-01-2008;00:00:01;36118;35.15;35.54;34.77;35.87
30-01-2008;00:00:01;54875;35.54;35.89;35.23;36.45
31-01-2008;00:00:01;71540;35.89;34.83;33.43;35.93
01-02-2008;00:00:01;71006;34.83;34.5;33.43;34.99
04-02-2008;00:00:01;52916;34.5;35.22;34.49;35.48
05-02-2008;00:00:01;60632;35.22;33.97;33.76;35.22
06-02-2008;00:00:01;60752;33.97;32.7;32.4;34.6
07-02-2008;00:00:01;73413;32.7;32.61;32.08;33.08
08-02-2008;00:00:01;53362;32.61;33.19;32.18;33.3
11-02-2008;00:00:01;29724;33.19;33.84;33.12;34.17
12-02-2008;00:00:01;55466;33.84;34.37;33.84;35.03
13-02-2008;00:00:01;53053;34.37;35;34.37;35.38
14-02-2008;00:00:01;54767;35;34.96;34.66;35.22
15-02-2008;00:00:01;47171;34.96;34.65;34.21;34.96
18-02-2008;00:00:01;5883;34.65;34.66;34.65;34.67
19-02-2008;00:00:01;53209;34.66;34.93;34.66;35.54
20-02-2008;00:00:01;37677;34.93;35.05;34.23;35.29
21-02-2008;00:00:01;58788;35.05;34.84;34.66;35.55
22-02-2008;00:00:01;45682;34.84;35.12;34.46;35.19
25-02-2008;00:00:01;47879;35.12;35.53;35.02;35.87
26-02-2008;00:00:01;48066;35.53;35.87;35.42;36.45
27-02-2008;00:00:01;33883;35.87;35.47;35.04;35.87
28-02-2008;00:00:01;30919;35.47;35.33;34.97;35.7
29-02-2008;00:00:01;43393;35.33;33.67;33.46;35.35
03-03-2008;00:00:01;39612;33.67;32.86;32.51;33.69
04-03-2008;00:00:01;38238;32.86;33.07;32.43;33.14
05-03-2008;00:00:01;41659;33.07;32.41;32.01;33.08
06-03-2008;00:00:01;36572;32.41;32.47;32.19;33.11
07-03-2008;00:00:01;38016;32.47;32.55;32.01;33.28
10-03-2008;00:00:01;32829;32.55;31.96;31.89;32.9
11-03-2008;00:00:01;31343;31.96;32.6;31.76;32.63
12-03-2008;00:00:01;31187;32.6;33.34;32.6;34.23
13-03-2008;00:00:01;33299;33.34;33.31;32.51;33.59
14-03-2008;00:00:01;37958;33.31;32.61;32.33;33.31
17-03-2008;00:00:01;36195;32.61;30.79;30.68;32.61
18-03-2008;00:00:01;34152;30.79;31.86;30.79;31.92
19-03-2008;00:00:01;43840;31.86;34.74;31.86;36.14
20-03-2008;00:00:01;36369;34.74;34.5;34.25;35.51
21-03-2008;00:00:01;5649;34.5;34.43;34.43;34.51
24-03-2008;00:00:01;36855;34.43;36.09;34.43;36.51
25-03-2008;00:00:01;34708;36.09;36.53;35.79;36.67
26-03-2008;00:00:01;40205;36.53;37.17;36.13;37.36
27-03-2008;00:00:01;32373;37.17;35.68;35.67;37.2
28-03-2008;00:00:01;38659;35.68;35.31;35.18;36.65
31-03-2008;00:00:01;27209;35.31;35.61;35.28;35.92
01-04-2008;00:00:01;32675;35.61;37.29;35.58;37.34
02-04-2008;00:00:01;35991;37.29;36.49;36.18;37.5
03-04-2008;00:00:01;28364;36.49;37;36.36;37.13
04-04-2008;00:00:01;31356;37;36.96;36.61;37.36
07-04-2008;00:00:01;28283;36.96;36.93;36.8;37.47
08-04-2008;00:00:01;33426;36.93;36.82;36.5;37.26
09-04-2008;00:00:01;30888;36.82;36.32;35.97;36.93
10-04-2008;00:00:01;35977;36.32;37.07;36.04;37.2
11-04-2008;00:00:01;38870;37.07;36.01;35.87;37.09
14-04-2008;00:00:01;33944;36.01;36.28;35.72;36.63
15-04-2008;00:00:01;34802;36.28;35.76;35.35;36.54
16-04-2008;00:00:01;37610;35.76;36.38;35.45;36.57
17-04-2008;00:00:01;30117;36.38;36.08;35.64;36.92
18-04-2008;00:00:01;33643;36.08;36.25;36.06;36.81
21-04-2008;00:00:01;29326;36.25;36.67;35.84;36.75
22-04-2008;00:00:01;36530;36.67;36.18;35.6;36.74
23-04-2008;00:00:01;31753;36.18;36.83;36.17;36.93
24-04-2008;00:00:01;39022;36.83;37.38;36.41;37.82
25-04-2008;00:00:01;29759;37.38;36.89;36.29;37.59
28-04-2008;00:00:01;28692;36.89;37.2;36.83;37.54
29-04-2008;00:00:01;32215;37.2;37.75;36.93;37.95
30-04-2008;00:00:01;22540;37.75;37.29;37.26;38.1
01-05-2008;00:00:01;14212;37.29;38.98;37.28;39.22
02-05-2008;00:00:01;34538;38.98;40.38;38.98;40.4
05-05-2008;00:00:01;33250;40.38;40.17;39.77;40.5
06-05-2008;00:00:01;36390;40.17;40.26;39.53;40.47
07-05-2008;00:00:01;30488;40.26;39.3;39.09;40.58
08-05-2008;00:00:01;30280;39.3;39.99;39.14;40.16
09-05-2008;00:00:01;22535;39.99;39.92;39.23;40.17
12-05-2008;00:00:01;29798;39.92;40.46;39.35;40.53
13-05-2008;00:00:01;36896;40.46;40.63;39.8;40.76
14-05-2008;00:00:01;31785;40.63;40.93;40.61;41.53
15-05-2008;00:00:01;31419;40.93;42;40.59;42.09
16-05-2008;00:00:01;31138;42;42.24;41.71;42.46
19-05-2008;00:00:01;37626;42.24;42.62;42.04;43.25
20-05-2008;00:00:01;31708;42.62;41.67;41.03;42.64
21-05-2008;00:00:01;25906;41.67;40.97;40.8;41.97
22-05-2008;00:00:01;35206;40.97;41.36;40.86;41.66
23-05-2008;00:00:01;28272;41.36;41.31;40.97;41.53
26-05-2008;00:00:01;5813;41.31;41.26;41.24;41.31
27-05-2008;00:00:01;36274;41.26;42;41.02;42.12
28-05-2008;00:00:01;26757;42;42.8;42;42.94
29-05-2008;00:00:01;41677;42.8;43.79;42.73;44.08
30-05-2008;00:00:01;27615;43.79;44.32;43.68;44.4
02-06-2008;00:00:01;30831;44.32;43.46;42.76;44.32
03-06-2008;00:00:01;46000;43.46;43.52;43.01;44.22
04-06-2008;00:00:01;39763;43.52;44.24;43.31;44.68
05-06-2008;00:00:01;36606;44.24;43.87;42.79;44.26
06-06-2008;00:00:01;43806;43.87;42.31;42.3;43.9
09-06-2008;00:00:01;36854;42.31;42.49;41.65;42.77
10-06-2008;00:00:01;41822;42.49;41.75;41.45;42.49
11-06-2008;00:00:01;46817;41.75;40.79;40.65;41.89
12-06-2008;00:00:01;42181;40.79;40.99;40.6;41.59
13-06-2008;00:00:01;38839;40.99;42.69;40.99;43.15
16-06-2008;00:00:01;41719;42.69;42.83;42.06;43.12
17-06-2008;00:00:01;44696;42.83;41.43;41.36;42.83
18-06-2008;00:00:01;41078;41.43;40.96;40.77;41.54
19-06-2008;00:00:01;42692;40.96;42;40.32;42.19
20-06-2008;00:00:01;41618;42;40.61;40.31;42.01
23-06-2008;00:00:01;38695;40.61;40.37;40.09;40.92
24-06-2008;00:00:01;40388;40.37;41.36;40.36;41.84
25-06-2008;00:00:01;42066;41.36;42.31;41.36;42.7
26-06-2008;00:00:01;45244;42.31;40.9;40.77;42.31
27-06-2008;00:00:01;45970;40.9;39.81;39.5;40.9
30-06-2008;00:00:01;37520;39.81;39.34;39.29;39.98
01-07-2008;00:00:01;44183;39.34;40.39;38.99;40.42
02-07-2008;00:00:01;51735;40.39;39.81;39.8;41.32
03-07-2008;00:00:01;23789;39.81;40.4;39.8;40.65
04-07-2008;00:00:01;5874;40.4;40.38;40.37;40.4
07-07-2008;00:00:01;53573;40.38;39.69;38.81;40.87
08-07-2008;00:00:01;46465;39.69;39.63;38.73;39.78
09-07-2008;00:00:01;48821;39.63;38.23;38.23;39.74
10-07-2008;00:00:01;56063;38.23;39.65;38.22;39.77
11-07-2008;00:00:01;48433;39.65;39.24;38.67;40.2
14-07-2008;00:00:01;40810;39.24;38.4;38.35;39.64
15-07-2008;00:00:01;52512;38.4;39.82;37.92;40.53
16-07-2008;00:00:01;43139;39.82;41.08;39.54;41.08
17-07-2008;00:00:01;36357;41.08;41.56;40.75;41.72
18-07-2008;00:00:01;38441;41.56;42.02;40.72;42.19
21-07-2008;00:00:01;38606;42.02;41.13;40.7;42.02
22-07-2008;00:00:01;44145;41.13;40.24;39.61;41.13
23-07-2008;00:00:01;53371;40.24;41.87;40.24;42.36
24-07-2008;00:00:01;47070;41.87;40.67;40.43;41.87
25-07-2008;00:00:01;46314;40.67;40.88;40.61;41.41
28-07-2008;00:00:01;43848;40.88;39.96;39.71;41.04
29-07-2008;00:00:01;43990;39.96;41.01;39.96;41.32
30-07-2008;00:00:01;50418;41.01;41.18;40.61;41.68
31-07-2008;00:00:01;49150;41.18;41.37;40.58;41.94
01-08-2008;00:00:01;47637;41.37;41.25;40.28;41.72
04-08-2008;00:00:01;38721;41.25;41.29;40.63;41.66
05-08-2008;00:00:01;41172;41.29;43.33;41.28;43.42
06-08-2008;00:00:01;41790;43.33;43.53;42.61;43.79
07-08-2008;00:00:01;57624;43.53;43.25;42.91;43.95
08-08-2008;00:00:01;60669;43.25;45.13;43.25;45.34
11-08-2008;00:00:01;54660;45.13;45.89;44.81;46.05
12-08-2008;00:00:01;48925;45.89;45.61;45.52;46.44
13-08-2008;00:00:01;40611;45.61;45.89;45.39;46.42
14-08-2008;00:00:01;54114;45.89;45.37;45.03;45.89
15-08-2008;00:00:01;41838;45.37;45.09;44.65;45.88
18-08-2008;00:00:01;48942;45.09;44.15;43.73;45.09
19-08-2008;00:00:01;46208;44.15;43.75;43.4;44.78
20-08-2008;00:00:01;48501;43.75;44.32;43.66;44.74
21-08-2008;00:00:01;37008;44.32;44.51;43.48;44.81
22-08-2008;00:00:01;42865;44.51;44.91;44.47;45.1
25-08-2008;00:00:01;44006;44.91;43.67;43.48;44.91
26-08-2008;00:00:01;43615;43.67;43.37;43.11;43.86
27-08-2008;00:00:01;43239;43.37;44.16;43.36;44.63
28-08-2008;00:00:01;42449;44.16;44.3;44.1;44.76
29-08-2008;00:00:01;53707;44.3;42.83;42.75;44.3
01-09-2008;00:00:01;5934;42.83;42.83;42.82;42.84
02-09-2008;00:00:01;53054;42.83;42.86;42.59;44.18
03-09-2008;00:00:01;65789;42.86;43.15;42.59;43.47
04-09-2008;00:00:01;70672;43.15;42.19;42.19;43.99
05-09-2008;00:00:01;74373;42.19;40.92;40.5;42.19
08-09-2008;00:00:01;94598;40.92;41.57;40.38;41.73
09-09-2008;00:00:01;85090;41.57;40.76;40.75;42.48
10-09-2008;00:00:01;68861;40.76;40.71;40.44;41.22
11-09-2008;00:00:01;69735;40.71;41.02;40.02;41.12
12-09-2008;00:00:01;73410;41.02;40.42;39.89;41.05
15-09-2008;00:00:01;71197;40.42;38.06;38.06;40.47
16-09-2008;00:00:01;90497;38.06;38.15;37.71;39.13
17-09-2008;00:00:01;96359;38.15;36.34;36.34;39.73
18-09-2008;00:00:01;73284;36.34;39.61;36.34;40.75
19-09-2008;00:00:01;70893;39.61;40.9;39.2;41.4
22-09-2008;00:00:01;11519;40.9;39.21;39.17;40.9
23-09-2008;00:00:01;70795;39.21;38.88;38.7;40.28
24-09-2008;00:00:01;58827;38.88;39.49;38.88;40.01
25-09-2008;00:00:01;67798;39.49;39.88;39.49;40.39
26-09-2008;00:00:01;67743;39.88;40.01;38.91;40.11
29-09-2008;00:00:01;90575;40.01;36.18;35.98;40.01
30-09-2008;00:00:01;77995;36.18;39.47;36.18;39.54
01-10-2008;00:00:01;73156;39.47;38.12;37.89;39.47
02-10-2008;00:00:01;76731;38.12;35.22;35.09;38.12
03-10-2008;00:00:01;90582;35.22;33.7;33.59;36.18
06-10-2008;00:00:01;103280;33.7;30.67;29.41;33.7
07-10-2008;00:00:01;122406;30.67;28.72;28.67;31.69
08-10-2008;00:00:01;128115;28.72;30.02;28.42;31.19
09-10-2008;00:00:01;118247;30.02;28.11;27.71;31.18
10-10-2008;00:00:01;140642;28.11;27.34;25.63;28.88
13-10-2008;00:00:01;104609;27.34;30.13;27.34;30.73
14-10-2008;00:00:01;106818;30.13;29.23;28.86;31.45
15-10-2008;00:00:01;104454;29.23;26.01;25.98;29.4
16-10-2008;00:00:01;112590;26.01;27.7;24.45;28.2
17-10-2008;00:00:01;116898;27.7;28.08;26.83;29.81
20-10-2008;00:00:01;72745;28.08;29.34;27.78;29.38
21-10-2008;00:00:01;89262;29.34;27.54;27.44;29.67
22-10-2008;00:00:01;94430;27.54;25.38;24.56;27.54
23-10-2008;00:00:01;136847;25.38;24.94;23.41;25.61
24-10-2008;00:00:01;113652;24.94;23.86;22.88;24.99
27-10-2008;00:00:01;105835;23.86;23.65;22.83;24.75
28-10-2008;00:00:01;116018;23.65;27.02;23.65;27.15
29-10-2008;00:00:01;100662;27.02;26.86;26.65;27.97
30-10-2008;00:00:01;104405;26.86;26.82;26.22;27.88
31-10-2008;00:00:01;92982;26.82;26.58;26.28;27.22
03-11-2008;00:00:01;59465;26.58;26.93;26.14;27.25
04-11-2008;00:00:01;66672;26.93;28.49;26.93;29.17
05-11-2008;00:00:01;61152;28.49;27.69;27.33;29.17
06-11-2008;00:00:01;86053;27.69;24.77;24.46;27.7
07-11-2008;00:00:01;62418;24.77;24.48;24.48;25.4
10-11-2008;00:00:01;46033;24.48;24.92;24.46;25.83
11-11-2008;00:00:01;82547;24.92;23.64;23.46;24.92
12-11-2008;00:00:01;94318;23.64;21.95;21.83;23.64
13-11-2008;00:00:01;113746;21.95;24.33;21.12;24.39
14-11-2008;00:00:01;113270;24.33;22.26;22.12;24.36
17-11-2008;00:00:01;92491;22.26;22.8;21.51;23.42
18-11-2008;00:00:01;84452;22.8;22.63;21.76;23.17
19-11-2008;00:00:01;91076;22.63;21.6;21.58;23.9
20-11-2008;00:00:01;99289;21.6;20.78;20.7;22.8
21-11-2008;00:00:01;114423;20.78;21.32;19.82;21.37
24-11-2008;00:00:01;86881;21.32;21.69;21.29;22.44
25-11-2008;00:00:01;87122;21.69;22.43;21.49;22.8
26-11-2008;00:00:01;73016;22.43;23.33;21.79;23.61
27-11-2008;00:00:01;5940;23.33;23.35;23.31;23.36
28-11-2008;00:00:01;20400;23.35;23.15;22.83;23.46
01-12-2008;00:00:01;56835;23.15;21.03;20.94;23.17
02-12-2008;00:00:01;55743;21.03;21.97;20.99;22.26
03-12-2008;00:00:01;65008;21.97;22.5;21.38;22.57
04-12-2008;00:00:01;60292;22.5;20.47;19.98;22.54
05-12-2008;00:00:01;27018;20.47;21.75;19.48;21.85
08-12-2008;00:00:01;55164;21.75;22.63;21.68;23.02
09-12-2008;00:00:01;82414;22.63;22.9;22.37;23.94
10-12-2008;00:00:01;52443;22.9;23.42;22.78;23.88
11-12-2008;00:00:01;51290;23.42;22.19;21.98;23.57
12-12-2008;00:00:01;59427;22.19;22.42;21.34;22.53
15-12-2008;00:00:01;64010;22.42;21.35;20.83;22.72
16-12-2008;00:00:01;50803;21.35;22.18;20.9;22.43
17-12-2008;00:00:01;59731;22.18;21.77;21.32;23.86
18-12-2008;00:00:01;52044;21.77;21.38;21;22.09
19-12-2008;00:00:01;46511;21.38;22.12;21.13;22.32
22-12-2008;00:00:01;50884;22.12;21.06;20.65;22.13
23-12-2008;00:00:01;32776;21.06;21.01;20.77;21.42
24-12-2008;00:00:01;14344;21.01;21.12;20.71;21.2
25-12-2008;00:00:01;5853;21.12;21.13;21.12;21.14
26-12-2008;00:00:01;22249;21.13;21.1;20.84;21.23
29-12-2008;00:00:01;33481;21.1;20.52;19.99;21.16
30-12-2008;00:00:01;34525;20.52;21.04;20.37;21.08
31-12-2008;00:00:01;32133;21.04;21.3;20.84;21.61
01-01-2009;00:00:01;5794;21.3;21.3;21.29;21.31
02-01-2009;00:00:01;43437;21.3;23.04;21.07;23.12
05-01-2009;00:00:01;29727;23.04;23.07;22.49;23.33
06-01-2009;00:00:01;50455;23.07;24.22;23.07;24.46
07-01-2009;00:00:01;64800;24.22;24.22;23.52;24.82
08-01-2009;00:00:01;48951;24.22;24.29;23.63;24.38
09-01-2009;00:00:01;48342;24.29;24;23.4;24.52
12-01-2009;00:00:01;41800;24;23.79;23.59;24.35
13-01-2009;00:00:01;31844;23.79;22.08;21.75;23.79
14-01-2009;00:00:01;52180;22.08;21.11;20.95;22.16
15-01-2009;00:00:01;57843;21.11;20.83;20.43;21.31
16-01-2009;00:00:01;55075;20.83;21.05;20.45;21.53
19-01-2009;00:00:01;5789;21.05;21.05;21.03;21.07
20-01-2009;00:00:01;52360;21.05;19.39;19.32;21.11
21-01-2009;00:00:01;54791;19.39;20.95;19.39;21
22-01-2009;00:00:01;65294;20.95;19.34;19.05;20.95
23-01-2009;00:00:01;60287;19.34;19.69;18.69;20.13
26-01-2009;00:00:01;52947;19.69;19.91;19.66;20.45
27-01-2009;00:00:01;49446;19.91;20.11;19.57;20.4
28-01-2009;00:00:01;52729;20.11;20.88;20.11;21.21
29-01-2009;00:00:01;47770;20.88;20.06;19.61;20.89
30-01-2009;00:00:01;46133;20.06;19.29;19.2;20.34
02-02-2009;00:00:01;46020;19.29;19.57;18.95;19.71
03-02-2009;00:00:01;41817;19.57;19.67;19.13;19.77
04-02-2009;00:00:01;48848;19.67;19.91;19.54;20.36
05-02-2009;00:00:01;54951;19.91;20.92;19.42;21.05
06-02-2009;00:00:01;45863;20.92;21.69;20.79;21.82
09-02-2009;00:00:01;43464;21.69;21.43;21.09;22.01
10-02-2009;00:00:01;53267;21.43;20.53;20.28;21.43
11-02-2009;00:00:01;48861;20.53;20.29;19.87;20.86
12-02-2009;00:00:01;58701;20.29;21.21;19.78;21.26
13-02-2009;00:00:01;51006;21.21;21.09;20.82;21.38
16-02-2009;00:00:01;5907;21.09;21.08;21.08;21.1
17-02-2009;00:00:01;51096;21.08;20.4;19.78;21.1
18-02-2009;00:00:01;53150;20.4;20.38;20.07;20.71
19-02-2009;00:00:01;48383;20.38;19.53;19.46;20.48
20-02-2009;00:00:01;68082;19.53;18.01;17.69;19.53
23-02-2009;00:00:01;59323;18.01;17.1;16.9;18.1
24-02-2009;00:00:01;84735;17.1;18.15;17.1;18.35
25-02-2009;00:00:01;73726;18.15;17.64;17.13;18.15
26-02-2009;00:00:01;74562;17.64;16.71;16.65;17.64
27-02-2009;00:00:01;91724;16.71;16.72;15.69;17.19
02-03-2009;00:00:01;78581;16.72;16.07;15.97;16.72
03-03-2009;00:00:01;60498;16.07;15.99;15.86;16.48
04-03-2009;00:00:01;52915;15.99;16.32;15.89;16.63
05-03-2009;00:00:01;67984;16.32;16.96;16.3;18.14
06-03-2009;00:00:01;67054;16.96;17.18;16.73;17.42
09-03-2009;00:00:01;67815;17.18;16.77;16.71;17.47
10-03-2009;00:00:01;51515;16.77;18.51;16.77;18.55
11-03-2009;00:00:01;31466;18.51;18.63;18.46;18.85
12-03-2009;00:00:01;49699;18.63;19.41;18.62;19.54
13-03-2009;00:00:01;53686;19.41;18.68;18.32;19.41
16-03-2009;00:00:01;42815;18.68;18.67;18.33;19
17-03-2009;00:00:01;50215;18.67;19.06;18.27;19.17
18-03-2009;00:00:01;54132;19.06;21.36;19.06;22.06
19-03-2009;00:00:01;51711;21.36;21.25;20.89;21.99
20-03-2009;00:00:01;49920;21.25;20.43;20.4;21.33
23-03-2009;00:00:01;49662;20.43;22.67;20.43;22.73
24-03-2009;00:00:01;56114;22.67;21.81;21.72;22.67
25-03-2009;00:00:01;48793;21.81;22.11;21.49;22.44
26-03-2009;00:00:01;60725;22.11;22.98;22.09;23.01
27-03-2009;00:00:01;50366;22.98;21.83;21.79;22.98
30-03-2009;00:00:01;78623;21.83;20.81;20.38;21.83
31-03-2009;00:00:01;65309;20.81;21.36;20.79;21.87
01-04-2009;00:00:01;98065;21.36;21.96;20.79;22.18
02-04-2009;00:00:01;100132;21.96;23.28;21.96;23.84
03-04-2009;00:00:01;88951;23.28;24.14;23.23;24.27
06-04-2009;00:00:01;81943;24.14;23.22;22.77;24.14
07-04-2009;00:00:01;91337;23.22;22.92;22.75;23.63
08-04-2009;00:00:01;75277;22.92;23.89;22.92;24.19
09-04-2009;00:00:01;84658;23.89;24.87;23.89;24.97
10-04-2009;00:00:01;5788;24.87;24.85;24.85;24.87
13-04-2009;00:00:01;77569;24.85;24.67;24.2;24.89
14-04-2009;00:00:01;93644;24.67;23.97;23.83;24.67
15-04-2009;00:00:01;87526;23.97;23.64;23.1;24.01
16-04-2009;00:00:01;86364;23.64;24.39;23.41;24.59
17-04-2009;00:00:01;28148;24.39;24.72;24.04;24.87
20-04-2009;00:00:01;51354;24.72;23.49;23.32;24.72
21-04-2009;00:00:01;18516;23.49;23.71;23.28;24.12
22-04-2009;00:00:01;87923;23.71;24.18;23.22;24.74
23-04-2009;00:00:01;95347;24.18;24.47;23.54;24.51
24-04-2009;00:00:01;25212;24.47;26.34;24.43;26.5
27-04-2009;00:00:01;81678;26.34;26.13;25.69;26.67
28-04-2009;00:00:01;75142;26.13;25.7;25.24;26.14
29-04-2009;00:00:01;19510;25.7;26.75;25.58;26.86
30-04-2009;00:00:01;67982;26.75;27.32;26.72;27.72
01-05-2009;00:00:01;38335;27.32;27.41;27.01;28
04-05-2009;00:00:01;66094;27.41;26.72;25.86;27.41
05-05-2009;00:00:01;62865;26.72;26.89;26.2;26.92
06-05-2009;00:00:01;71734;26.89;26.44;25.64;27.04
07-05-2009;00:00:01;64554;26.44;25.58;25.39;26.65
08-05-2009;00:00:01;51422;25.58;25.35;25.21;26.52
11-05-2009;00:00:01;79846;25.35;26.17;24.79;26.37
12-05-2009;00:00:01;71828;26.17;25.99;25.65;26.34
13-05-2009;00:00:01;79863;25.99;25.14;25.12;26.01
14-05-2009;00:00:01;60802;25.14;25.86;25.14;26.16
15-05-2009;00:00:01;42966;25.86;25.96;25.51;26.36
18-05-2009;00:00:01;54148;25.96;26.45;25.7;26.47
19-05-2009;00:00:01;57046;26.45;26.55;26.01;26.82
20-05-2009;00:00:01;69780;26.55;26.4;26.31;27.33
21-05-2009;00:00:01;44897;26.4;26.04;25.69;26.4
22-05-2009;00:00:01;57067;26.04;26.49;26.04;27.06
25-05-2009;00:00:01;5804;26.49;26.5;26.47;26.5
26-05-2009;00:00:01;59673;26.5;27.9;26.1;27.96
27-05-2009;00:00:01;61303;27.9;27.24;27.15;28.08
28-05-2009;00:00:01;42130;27.24;27.54;26.56;27.64
29-05-2009;00:00:01;40680;27.54;28.18;27.02;28.19
01-06-2009;00:00:01;36828;28.18;29.38;28.17;29.53
02-06-2009;00:00:01;54005;29.38;29.59;29.07;29.76
03-06-2009;00:00:01;54322;29.59;29.05;28.28;29.59
04-06-2009;00:00:01;61347;29.05;29.42;28.7;29.55
05-06-2009;00:00:01;58603;29.42;29.97;28.79;30.36
08-06-2009;00:00:01;52799;29.97;29.14;28.83;29.99
09-06-2009;00:00:01;64113;29.14;29.76;29.14;29.98
10-06-2009;00:00:01;34355;29.76;30.17;29.62;30.42
11-06-2009;00:00:01;34503;30.17;30.35;30.09;31.02
12-06-2009;00:00:01;45814;30.35;30.15;29.59;30.67
15-06-2009;00:00:01;28780;30.15;28.72;28.55;30.16
16-06-2009;00:00:01;36731;28.72;28.19;28.12;29.1
17-06-2009;00:00:01;74170;28.19;28.69;28;29
18-06-2009;00:00:01;48998;28.69;28.71;28.19;28.95
19-06-2009;00:00:01;28036;28.71;29.28;28.7;30.16
22-06-2009;00:00:01;43876;29.28;27.36;27.34;29.28
23-06-2009;00:00:01;25547;27.36;27.66;27.2;27.84
24-06-2009;00:00:01;36331;27.66;27.7;27.47;28.39
26-06-2009;00:00:01;30106;28.54;28.23;27.66;28.55
29-06-2009;00:00:01;23100;28.23;28.62;28.11;28.78
30-06-2009;00:00:01;35181;28.62;28.38;27.93;28.86
01-07-2009;00:00:01;31796;28.38;28.6;28.3;29.2
02-07-2009;00:00:01;29214;28.6;27.65;27.57;28.67
03-07-2009;00:00:01;5846;27.65;27.65;27.64;27.66
06-07-2009;00:00:01;25705;27.65;27.14;26.8;27.65
07-07-2009;00:00:01;32710;27.14;26.36;26.28;27.22
08-07-2009;00:00:01;36081;26.36;26.49;26.06;26.61
09-07-2009;00:00:01;41253;26.49;27.4;26.49;27.59
10-07-2009;00:00:01;36478;27.4;27.58;27.08;27.75
13-07-2009;00:00:01;45205;27.58;28.32;26.9;28.41
14-07-2009;00:00:01;36412;28.32;28.27;27.92;28.45
15-07-2009;00:00:01;47593;28.27;29.8;28.27;29.92
16-07-2009;00:00:01;46439;29.8;30.84;29.52;30.96
17-07-2009;00:00:01;44241;30.84;31.03;30.39;31.07
20-07-2009;00:00:01;45336;31.03;31.19;30.73;31.36
21-07-2009;00:00:01;44475;31.19;31.25;30.83;31.36
22-07-2009;00:00:01;43710;31.25;31.35;31;31.49
23-07-2009;00:00:01;39482;31.35;32.31;31.15;32.36
24-07-2009;00:00:01;43231;32.31;32.64;31.67;32.69
27-07-2009;00:00:01;43382;32.64;32.62;32.19;32.9
28-07-2009;00:00:01;51759;32.62;32.31;32.03;32.92
29-07-2009;00:00:01;45784;32.31;32.13;31.7;32.33
30-07-2009;00:00:01;39673;32.13;32.26;32.06;33.36
31-07-2009;00:00:01;45969;32.26;32.42;32.26;32.87
03-08-2009;00:00:01;67653;32.42;32.67;32.39;33.03
04-08-2009;00:00:01;72840;32.67;33.01;32.57;33.28
05-08-2009;00:00:01;69814;33.01;32.02;31.48;33.1
06-08-2009;00:00:01;64390;32.02;32.44;31.87;32.54
07-08-2009;00:00:01;58446;32.44;33.22;32.44;33.48
10-08-2009;00:00:01;49313;33.22;32.86;32.65;33.49
11-08-2009;00:00:01;59759;32.86;31.93;31.77;32.86
12-08-2009;00:00:01;55801;31.93;33.03;31.84;33.33
13-08-2009;00:00:01;42420;33.03;33.45;32.76;33.48
14-08-2009;00:00:01;48101;33.45;32.26;31.86;33.45
17-08-2009;00:00:01;48039;32.26;31.19;31.11;32.28
19-08-2009;00:00:01;45921;31.68;31.71;31.17;31.89
20-08-2009;00:00:01;37402;31.71;32.11;31.45;32.2
21-08-2009;00:00:01;31524;32.11;32.82;31.98;32.94
24-08-2009;00:00:01;44303;32.82;32.72;32.51;33.22
25-08-2009;00:00:01;41789;32.72;32.66;32.32;32.98
26-08-2009;00:00:01;45800;32.66;32.51;32.14;32.77
27-08-2009;00:00:01;41649;32.51;32.44;31.7;32.57
28-08-2009;00:00:01;31695;32.44;31.71;31.31;32.98
31-08-2009;00:00:01;23098;31.71;31.41;31.09;31.78
01-09-2009;00:00:01;28099;31.41;31.06;30.87;32.09
02-09-2009;00:00:01;55563;31.06;31.02;30.72;31.28
03-09-2009;00:00:01;36522;31.02;31.52;30.7;31.54
04-09-2009;00:00:01;22027;31.52;32.04;31.42;32.13
07-09-2009;00:00:01;5926;32.04;32.04;32.03;32.05
08-09-2009;00:00:01;19512;32.04;32.52;32.04;32.57
09-09-2009;00:00:01;20965;32.52;32.82;32.12;32.94
10-09-2009;00:00:01;52834;32.82;34.02;32.47;34.14
11-09-2009;00:00:01;48980;34.02;34.67;34.01;35
14-09-2009;00:00:01;16326;34.67;35.21;34.3;35.32
15-09-2009;00:00:01;56118;35.21;35.61;34.82;35.78
16-09-2009;00:00:01;31869;35.61;33.31;33.01;35.64
17-09-2009;00:00:01;56170;33.31;32.78;32.68;33.53
18-09-2009;00:00:01;46719;32.78;32.92;32.7;33.45
21-09-2009;00:00:01;35894;32.92;32.8;32.75;33.26
22-09-2009;00:00:01;41319;32.8;33.08;32.8;33.32
23-09-2009;00:00:01;49383;33.08;32.7;32.68;33.34
24-09-2009;00:00:01;54241;32.7;32.32;32.05;32.86
25-09-2009;00:00:01;53178;32.32;32.03;31.89;32.42
28-09-2009;00:00:01;41767;32.03;32.92;32.03;33.28
29-09-2009;00:00:01;43536;32.92;32.66;32.51;33.23
30-09-2009;00:00:01;48838;32.66;32.99;32.13;33.22
01-10-2009;00:00:01;54453;32.99;32.15;31.95;33.05
02-10-2009;00:00:01;50896;32.15;32.35;31.66;32.55
05-10-2009;00:00:01;46404;32.35;32.53;32.13;32.71
06-10-2009;00:00:01;43674;32.53;33.54;32.53;33.77
07-10-2009;00:00:01;40257;33.54;33.23;33.05;33.68
08-10-2009;00:00:01;49176;33.23;34.33;33.23;34.62
09-10-2009;00:00:01;38312;34.33;34.65;33.97;34.78
12-10-2009;00:00:01;30604;34.65;34.34;34.14;34.89
13-10-2009;00:00:01;43276;34.34;34.68;34.16;34.73
14-10-2009;00:00:01;41034;34.68;35.49;34.61;35.54
15-10-2009;00:00:01;42555;35.49;35.78;35.15;35.87
16-10-2009;00:00:01;34670;35.78;35.67;35.34;35.96
19-10-2009;00:00:01;38218;35.67;35.65;35.46;35.94
20-10-2009;00:00:01;31198;35.65;35.41;34.98;35.65
21-10-2009;00:00:01;35631;35.41;34.82;34.74;35.7
22-10-2009;00:00:01;36483;34.82;35.18;34;35.29
23-10-2009;00:00:01;41214;35.18;34.69;34.56;35.58
26-10-2009;00:00:01;39150;34.69;34.45;34.28;35.39
27-10-2009;00:00:01;32074;34.45;33.91;33.78;34.89
28-10-2009;00:00:01;38663;33.91;32.79;32.7;33.95
29-10-2009;00:00:01;38141;32.79;33.59;32.7;33.69
30-10-2009;00:00:01;51117;33.59;32.88;32.84;33.88
02-11-2009;00:00:01;39102;32.88;32.77;32.36;33.11
03-11-2009;00:00:01;32827;32.77;32.71;32.37;33.01
04-11-2009;00:00:01;30173;32.71;34.4;32.69;34.53
05-11-2009;00:00:01;27982;34.4;34.83;33.81;34.93
06-11-2009;00:00:01;27567;34.83;34.6;34.37;35.21
09-11-2009;00:00:01;42747;34.6;36.46;34.6;36.6
10-11-2009;00:00:01;34919;36.46;36.61;36.31;36.77
11-11-2009;00:00:01;49639;36.61;35.92;34.45;36.61
12-11-2009;00:00:01;43074;35.92;35.59;35.4;36.14
13-11-2009;00:00:01;37773;35.59;36.56;35.59;36.63
16-11-2009;00:00:01;33256;36.56;36.81;36.1;37.16
17-11-2009;00:00:01;31593;36.81;36.87;36.42;36.97
18-11-2009;00:00:01;36345;36.87;36.59;36;36.87
19-11-2009;00:00:01;33472;36.59;36.1;35.49;36.59
20-11-2009;00:00:01;29604;36.1;35.79;35.47;36.1
23-11-2009;00:00:01;30742;35.79;36.46;35.79;36.69
24-11-2009;00:00:01;29094;36.46;35.96;35.82;36.46
25-11-2009;00:00:01;28755;35.96;36.16;35.9;36.35
26-11-2009;00:00:01;5870;36.16;36.16;36.13;36.2
27-11-2009;00:00:01;22068;36.16;35.39;34.63;36.19
30-11-2009;00:00:01;34106;35.39;35.09;34.58;35.45
01-12-2009;00:00:01;32880;35.09;36.39;35.09;36.54
02-12-2009;00:00:01;32270;36.39;36.47;36.33;36.93
03-12-2009;00:00:01;27331;36.47;36;35.98;36.85
04-12-2009;00:00:01;37366;36;36.45;35.99;36.96
07-12-2009;00:00:01;27284;36.45;36.34;36.18;36.86
08-12-2009;00:00:01;32038;36.34;36.08;35.56;36.37
09-12-2009;00:00:01;22380;36.08;35.84;35.24;36.08
10-12-2009;00:00:01;24425;35.84;35.8;35.62;36.17
11-12-2009;00:00:01;26023;35.8;35.39;35.12;35.99
14-12-2009;00:00:01;28461;35.39;35.81;35.3;35.84
15-12-2009;00:00:01;31606;35.81;36.33;35.49;36.68
16-12-2009;00:00:01;39405;36.33;37.83;36.33;38.2
17-12-2009;00:00:01;24183;37.83;37.07;36.99;37.84
18-12-2009;00:00:01;30661;37.07;37.31;37.01;37.5
21-12-2009;00:00:01;23515;37.31;37.26;37.04;37.69
22-12-2009;00:00:01;22399;37.26;37.37;37.19;37.53
23-12-2009;00:00:01;21463;37.37;36.92;36.86;37.37
24-12-2009;00:00:01;13727;36.92;37.18;36.79;37.21
25-12-2009;00:00:01;5857;37.18;37.17;37.16;37.18
28-12-2009;00:00:01;18270;37.17;37.2;36.95;37.44
29-12-2009;00:00:01;18544;37.2;37.2;36.97;37.37
30-12-2009;00:00:01;18454;37.2;37.17;37.02;37.51
31-12-2009;00:00:01;19310;37.17;36.8;36.8;37.23
01-01-2010;00:00:01;5878;36.8;36.82;36.8;36.82
04-01-2010;00:00:01;20515;36.82;37.08;36.68;37.32
05-01-2010;00:00:01;28467;37.08;37.7;36.86;37.82
06-01-2010;00:00:01;26306;37.7;37.61;37.18;37.74
07-01-2010;00:00:01;26589;37.61;36.88;36.79;37.62
08-01-2010;00:00:01;25943;36.88;36.7;36.33;36.99
11-01-2010;00:00:01;22794;36.7;36.22;35.93;36.78
12-01-2010;00:00:01;28447;36.22;35.69;35.37;36.22
13-01-2010;00:00:01;27295;35.69;36.23;35.59;36.36
14-01-2010;00:00:01;27349;36.23;35.92;35.77;36.52
15-01-2010;00:00:01;31607;35.92;35.88;35.5;36.15
18-01-2010;00:00:01;5869;35.88;35.87;35.86;35.88
19-01-2010;00:00:01;26361;35.87;36.96;35.81;37.02
20-01-2010;00:00:01;32834;36.96;36.49;35.61;36.96
21-01-2010;00:00:01;35363;36.49;35.82;35.46;36.63
22-01-2010;00:00:01;37731;35.82;34.39;34.33;35.84
25-01-2010;00:00:01;28905;34.39;34.17;33.95;34.97
26-01-2010;00:00:01;25151;34.17;33.97;33.61;34.31
27-01-2010;00:00:01;37035;33.97;33.12;32.65;33.97
28-01-2010;00:00:01;37206;33.12;32.89;32.48;33.66
29-01-2010;00:00:01;16214;32.89;32.35;32.15;33.25
01-02-2010;00:00:01;33033;32.35;32.48;32.05;32.55
02-02-2010;00:00:01;31644;32.48;32.94;32.31;33.13
03-02-2010;00:00:01;23620;32.94;32.97;32.54;33.43
04-02-2010;00:00:01;20937;32.97;32.24;32.21;32.99
05-02-2010;00:00:01;39492;32.24;32.78;31.83;32.81
08-02-2010;00:00:01;33977;32.78;32.05;32.02;32.78
09-02-2010;00:00:01;34736;32.05;32.3;31.94;32.66
10-02-2010;00:00:01;35840;32.3;32.76;32.3;33.52
11-02-2010;00:00:01;36556;32.76;32.64;32.27;33.17
12-02-2010;00:00:01;31087;32.64;31.48;31.41;32.64
15-02-2010;00:00:01;5804;31.48;31.43;31.41;31.49
16-02-2010;00:00:01;34976;31.43;31.82;31.28;31.89
17-02-2010;00:00:01;34042;31.82;32.34;31.82;32.45
18-02-2010;00:00:01;34121;32.34;33.23;32.32;33.34
19-02-2010;00:00:01;33479;33.23;33.9;33.23;34.17
22-02-2010;00:00:01;33084;33.9;33.69;33.49;34.16
23-02-2010;00:00:01;32449;33.69;33.45;33.19;33.82
24-02-2010;00:00:01;34970;33.45;34.56;33.45;34.66
25-02-2010;00:00:01;36557;34.56;34.58;33.54;34.61
26-02-2010;00:00:01;28691;34.58;34.64;34.05;34.72
01-03-2010;00:00:01;26491;34.64;34.88;34.53;35.01
02-03-2010;00:00:01;20517;34.88;34.73;34.63;35.13
03-03-2010;00:00:01;23683;34.73;34.81;34.6;35.17
04-03-2010;00:00:01;24888;34.81;34.95;34.57;35.1
05-03-2010;00:00:01;24556;34.95;35.15;34.91;35.46
08-03-2010;00:00:01;22383;35.15;35.07;35;35.41
09-03-2010;00:00:01;26619;35.07;35.1;35.04;35.64
10-03-2010;00:00:01;26149;35.1;35.14;35.02;35.37
11-03-2010;00:00:01;21774;35.14;35.21;34.99;35.29
12-03-2010;00:00:01;25503;35.21;35.17;35.1;35.27
15-03-2010;00:00:01;21079;35.17;35.5;34.98;35.58
16-03-2010;00:00:01;19938;35.5;35.01;34.91;35.5
17-03-2010;00:00:01;21927;35.01;35.49;35.01;35.87
18-03-2010;00:00:01;20555;35.49;35.72;35.49;35.95
19-03-2010;00:00:01;21124;35.72;34.67;34.49;35.73
22-03-2010;00:00:01;28830;34.67;34.97;34.67;35.08
23-03-2010;00:00:01;36126;34.97;35.22;34.68;35.26
24-03-2010;00:00:01;45620;35.22;36.52;35.22;37.01
25-03-2010;00:00:01;38860;36.52;35.87;35.83;36.8
26-03-2010;00:00:01;37706;35.87;35.52;35.28;35.87
29-03-2010;00:00:01;32190;35.52;35.74;35.52;35.98
30-03-2010;00:00:01;29006;35.74;35.67;35.28;35.79
31-03-2010;00:00:01;29573;35.67;35.38;35.3;35.72
01-04-2010;00:00:01;32282;35.38;35.74;35.22;35.76
02-04-2010;00:00:01;5839;35.74;35.75;35.74;35.76
05-04-2010;00:00:01;25622;35.75;36.01;35.75;36.09
06-04-2010;00:00:01;27000;36.01;35.71;35.61;36.01
07-04-2010;00:00:01;34134;35.71;35.02;34.93;35.71
08-04-2010;00:00:01;37423;35.02;34.95;34.63;35.08
09-04-2010;00:00:01;35232;34.95;35.46;34.42;35.46
12-04-2010;00:00:01;35577;35.46;35.02;34.9;35.54
13-04-2010;00:00:01;40499;35.02;34.7;34.51;35.1
14-04-2010;00:00:01;34462;34.7;35.01;34.57;35.06
15-04-2010;00:00:01;30798;35.01;34.38;34.15;35.1
16-04-2010;00:00:01;56290;34.38;34.01;33.53;34.59
19-04-2010;00:00:01;43377;34.01;33.83;33.31;34.22
20-04-2010;00:00:01;42051;33.83;34.93;33.83;35.17
21-04-2010;00:00:01;38553;34.93;34.91;34.79;35.1
22-04-2010;00:00:01;52051;34.91;36.03;34.91;36.04
23-04-2010;00:00:01;41256;36.03;36.25;35.7;36.3
26-04-2010;00:00:01;24269;36.25;36.16;35.99;36.36
27-04-2010;00:00:01;48034;36.16;35.35;35.18;36.16
28-04-2010;00:00:01;43279;35.35;35.49;35.04;35.62
29-04-2010;00:00:01;46179;35.49;34.96;34.54;35.54
30-04-2010;00:00:01;52302;34.96;33.61;33.54;34.99
03-05-2010;00:00:01;38989;33.61;33.57;33.38;33.97
04-05-2010;00:00:01;53606;33.57;33.15;32.22;33.59
05-05-2010;00:00:01;50293;33.15;32.92;32.53;33.61
06-05-2010;00:00:01;62847;32.92;32.51;30.38;33.76
07-05-2010;00:00:01;83834;32.51;32.41;31.67;32.96
10-05-2010;00:00:01;59293;32.41;34.26;32.4;34.31
11-05-2010;00:00:01;45369;34.26;33.76;33.7;34.39
12-05-2010;00:00:01;51310;33.76;34.8;33.76;34.95
13-05-2010;00:00:01;47531;34.8;34.41;34.34;35.4
14-05-2010;00:00:01;59700;34.41;33.72;33.25;34.43
17-05-2010;00:00:01;58971;33.72;33.79;33.17;34.24
18-05-2010;00:00:01;56718;33.79;33.29;33.03;34.34
19-05-2010;00:00:01;60978;33.29;32.83;32.51;33.68
20-05-2010;00:00:01;73998;32.83;31.67;31.66;32.83
21-05-2010;00:00:01;62530;31.67;32.2;30.97;32.34
24-05-2010;00:00:01;54321;32.2;31.66;31.59;32.2
25-05-2010;00:00:01;59334;31.66;31.55;30.48;31.66
26-05-2010;00:00:01;70112;31.55;30.94;30.79;31.71
27-05-2010;00:00:01;57818;30.94;32.17;30.94;32.22
28-05-2010;00:00:01;64816;32.17;32.1;31.67;32.42
31-05-2010;00:00:01;5813;32.1;32.09;32.09;32.11
01-06-2010;00:00:01;60887;32.09;32.13;32.08;33.04
02-06-2010;00:00:01;61767;32.13;33;31.79;33
03-06-2010;00:00:01;65433;33;32.9;32.66;33.17
04-06-2010;00:00:01;84812;32.9;31.61;31.47;32.9
07-06-2010;00:00:01;72258;31.61;31.05;30.93;31.76
08-06-2010;00:00:01;87791;31.05;31.01;30.59;31.19
09-06-2010;00:00:01;66361;31.01;30.73;30.62;31.55
10-06-2010;00:00:01;69458;30.73;31.71;30.73;31.77
11-06-2010;00:00:01;65322;31.71;31.72;31.16;31.85
14-06-2010;00:00:01;69508;31.72;31.7;31.63;32.4
15-06-2010;00:00:01;57162;31.7;32.52;31.7;32.62
16-06-2010;00:00:01;65527;32.52;32.44;32.19;32.61
17-06-2010;00:00:01;72385;32.44;33.13;32.44;33.24
18-06-2010;00:00:01;53924;33.13;33.5;33.04;34.01
21-06-2010;00:00:01;23667;33.5;33.1;32.98;33.81
22-06-2010;00:00:01;26817;33.1;32.77;32.68;33.65
23-06-2010;00:00:01;17241;32.77;30.35;29.24;32.77
24-06-2010;00:00:01;81416;30.35;30.24;30.1;30.83
25-06-2010;00:00:01;69013;30.24;29.83;29.67;30.57
28-06-2010;00:00:01;34046;29.83;28.71;28.7;30.1
29-06-2010;00:00:01;79521;28.71;26.9;26.76;28.71
30-06-2010;00:00:01;57751;26.9;26.44;26.31;27.2
01-07-2010;00:00:01;51392;26.44;26.67;26;26.9
02-07-2010;00:00:01;41373;26.67;26.72;26.32;27.01
05-07-2010;00:00:01;5886;26.72;26.72;26.72;26.74
06-07-2010;00:00:01;75190;26.72;26.32;26.03;27.37
07-07-2010;00:00:01;73854;26.32;26.79;26.19;26.86
08-07-2010;00:00:01;72532;26.79;26.86;26.39;27.06
09-07-2010;00:00:01;62199;26.86;27.2;26.71;27.27
12-07-2010;00:00:01;48788;27.2;27.08;26.92;27.62
13-07-2010;00:00:01;69079;27.08;28.1;27.08;28.45
14-07-2010;00:00:01;70085;28.1;28.02;27.66;28.44
15-07-2010;00:00:01;65589;28.02;28.22;27.71;28.31
16-07-2010;00:00:01;67314;28.22;27.39;27.3;28.29
19-07-2010;00:00:01;65782;27.39;27.67;27.27;27.79
20-07-2010;00:00:01;56620;27.67;27.88;26.93;27.88
21-07-2010;00:00:01;57095;27.88;27.66;27.52;28.3
22-07-2010;00:00:01;52037;27.66;28.57;27.64;28.76
23-07-2010;00:00:01;63881;28.57;29.24;28.55;29.36
26-07-2010;00:00:01;44858;29.24;29.14;28.8;29.3
27-07-2010;00:00:01;51118;29.14;29.23;28.82;29.39
28-07-2010;00:00:01;43517;29.23;28.71;28.57;29.33
29-07-2010;00:00:01;43775;28.71;28.7;28.37;29.1
30-07-2010;00:00:01;50268;28.7;28.71;28.09;28.85
02-08-2010;00:00:01;21755;28.71;29.58;28.7;29.78
03-08-2010;00:00:01;36749;29.58;29.1;28.94;29.62
04-08-2010;00:00:01;43635;29.1;29.66;29.04;29.76
05-08-2010;00:00:01;34709;29.66;29.45;29.23;29.71
06-08-2010;00:00:01;48155;29.45;29.23;28.73;29.45
09-08-2010;00:00:01;27229;29.23;29.51;29.11;29.56
10-08-2010;00:00:01;37679;29.51;29.17;28.75;29.52
11-08-2010;00:00:01;34177;29.17;28.25;28.21;29.2
12-08-2010;00:00:01;37417;28.25;28.06;27.77;28.35
13-08-2010;00:00:01;29329;28.06;28.01;27.86;28.37
16-08-2010;00:00:01;31108;28.01;27.34;27.2;28.01
17-08-2010;00:00:01;32151;27.34;27.96;27.33;28.09
18-08-2010;00:00:01;30457;27.96;28.13;27.49;28.29
19-08-2010;00:00:01;44383;28.13;27.69;27.26;28.14
20-08-2010;00:00:01;29340;27.69;27.92;27.37;28.05
23-08-2010;00:00:01;43629;27.92;27.82;27.63;28.37
24-08-2010;00:00:01;49981;27.82;27.92;27.29;28.08
25-08-2010;00:00:01;52806;27.92;27.48;27.39;27.94
26-08-2010;00:00:01;52472;27.48;27.38;27.1;27.81
27-08-2010;00:00:01;55795;27.38;27.96;27;28.08
30-08-2010;00:00:01;45264;27.96;27.79;27.63;28.12
31-08-2010;00:00:01;57241;27.79;27.69;27.48;27.99
01-09-2010;00:00:01;45301;27.69;28.85;27.69;28.91
02-09-2010;00:00:01;43007;28.85;29.43;28.84;29.44
03-09-2010;00:00:01;43521;29.43;29.5;29.22;29.92
06-09-2010;00:00:01;5880;29.5;29.5;29.49;29.51
07-09-2010;00:00:01;37296;29.5;29.17;29.08;29.55
08-09-2010;00:00:01;43338;29.17;29.29;29.17;29.64
09-09-2010;00:00:01;83458;29.29;32.85;29.29;33.25
10-09-2010;00:00:01;65138;32.85;32.21;31.83;32.86
13-09-2010;00:00:01;47700;32.21;32.21;31.94;32.55
14-09-2010;00:00:01;56735;32.21;32.47;32.09;32.87
15-09-2010;00:00:01;54032;32.47;32.77;32.14;32.8
16-09-2010;00:00:01;47729;32.77;32.86;32.62;33.13
17-09-2010;00:00:01;52900;32.86;32.74;32.65;33.41
20-09-2010;00:00:01;51676;32.74;33.09;32.74;33.5
21-09-2010;00:00:01;69257;33.09;32.96;32.81;33.67
22-09-2010;00:00:01;161;32.96;32.95;32.95;32.97
23-09-2010;00:00:01;651;32.95;32.96;32.95;32.97
24-09-2010;00:00:01;661;32.96;32.97;32.95;32.97
27-09-2010;00:00:01;934;32.97;32.95;32.95;32.97
28-09-2010;00:00:01;593;32.95;32.96;32.95;32.97
29-09-2010;00:00:01;955;32.96;32.97;32.95;32.97
30-09-2010;00:00:01;715;32.97;32.96;32.95;32.97
01-10-2010;00:00:01;923;32.96;32.97;32.95;32.97
04-10-2010;00:00:01;876;32.97;32.95;32.95;32.97
05-10-2010;00:00:01;1018;32.95;32.95;32.95;32.97
06-10-2010;00:00:01;896;32.95;32.95;32.95;32.97
07-10-2010;00:00:01;1194;32.95;32.97;32.95;32.97
08-10-2010;00:00:01;308;32.97;32.97;32.95;32.97
11-10-2010;00:00:01;1347;32.97;32.96;32.95;32.97
12-10-2010;00:00:01;866;32.96;32.96;32.95;32.97
13-10-2010;00:00:01;1021;32.96;32.97;32.95;32.97
14-10-2010;00:00:01;1112;32.97;32.95;32.95;32.97
15-10-2010;00:00:01;807;32.95;32.96;32.95;32.97
18-10-2010;00:00:01;1371;32.96;32.95;32.95;32.97
19-10-2010;00:00:01;982;32.95;32.97;32.95;32.97
20-10-2010;00:00:01;1167;32.97;32.96;32.95;32.97
21-10-2010;00:00:01;812;32.96;32.96;32.95;32.97
22-10-2010;00:00:01;1348;32.96;32.96;32.95;32.97
25-10-2010;00:00:01;1274;32.96;32.96;32.95;32.97
26-10-2010;00:00:01;1410;32.96;32.96;32.95;32.97
27-10-2010;00:00:01;1221;32.96;32.95;32.95;32.97
28-10-2010;00:00:01;1372;32.95;32.95;32.95;32.97
29-10-2010;00:00:01;1640;32.95;32.97;32.95;32.97
01-11-2010;00:00:01;1924;32.97;32.95;32.95;32.97
02-11-2010;00:00:01;1389;32.95;32.96;32.95;32.97
03-11-2010;00:00:01;1289;32.96;32.95;32.95;32.97
04-11-2010;00:00:01;1501;32.95;32.96;32.95;32.97
05-11-2010;00:00:01;26041;32.96;29.14;29.06;32.97
08-11-2010;00:00:01;22543;29.14;29.24;28.86;29.37
09-11-2010;00:00:01;28449;29.24;29.52;29.24;29.86
10-11-2010;00:00:01;34909;29.52;29.84;29.36;29.92
11-11-2010;00:00:01;34566;29.84;29.81;29.17;29.88
12-11-2010;00:00:01;38320;29.81;29.48;29.13;29.97
15-11-2010;00:00:01;29368;29.48;29.6;29.38;29.82
16-11-2010;00:00:01;49276;29.6;29.01;28.89;29.62
17-11-2010;00:00:01;35146;29.01;28.86;28.83;29.29
18-11-2010;00:00:01;14857;28.86;28.68;28.67;29.38
19-11-2010;00:00:01;37609;28.68;28.86;28.61;29.22
22-11-2010;00:00:01;32266;28.86;29.15;28.54;29.25
23-11-2010;00:00:01;54624;29.15;28.22;27.48;29.19
24-11-2010;00:00:01;49635;28.22;28.41;28.19;28.8
25-11-2010;00:00:01;5842;28.41;28.4;28.39;28.41
26-11-2010;00:00:01;30191;28.4;28.72;27.96;28.81
29-11-2010;00:00:01;51042;28.72;28.36;27.96;28.74
30-11-2010;00:00:01;34660;28.36;27.73;27.64;28.36
01-12-2010;00:00:01;38129;27.73;28.37;27.73;28.61
02-12-2010;00:00:01;33492;28.37;29.07;28.34;29.16
03-12-2010;00:00:01;31883;29.07;29.14;28.91;29.28
06-12-2010;00:00:01;31955;29.14;29.21;28.84;29.43
07-12-2010;00:00:01;35698;29.21;29;28.89;29.56
08-12-2010;00:00:01;32565;29;29.21;28.99;29.28
09-12-2010;00:00:01;39622;29.21;28.61;28.46;29.5
10-12-2010;00:00:01;30273;28.61;28.72;28.37;28.82
13-12-2010;00:00:01;36355;28.72;27.78;27.78;28.72
14-12-2010;00:00:01;34032;27.78;28.11;27.65;28.16
15-12-2010;00:00:01;30800;28.11;27.73;27.68;28.45
16-12-2010;00:00:01;34570;27.73;28.51;27.49;28.54
17-12-2010;00:00:01;32434;28.51;28.88;28.36;28.99
20-12-2010;00:00:01;38683;28.88;29.19;28.81;29.44
21-12-2010;00:00:01;51581;29.19;30.95;29.18;31.15
22-12-2010;00:00:01;28949;30.95;30.65;30.27;30.95
23-12-2010;00:00:01;24418;30.65;30.85;30.48;30.91
24-12-2010;00:00:01;5745;30.85;30.86;30.84;30.86
27-12-2010;00:00:01;23058;30.86;30.97;30.61;31.06
28-12-2010;00:00:01;22350;30.97;30.93;30.69;31.17
29-12-2010;00:00:01;23590;30.93;30.98;30.84;31.13
30-12-2010;00:00:01;25843;30.98;30.56;30.54;31.11
31-12-2010;00:00:01;22862;30.56;30.8;30.4;30.82
03-01-2011;00:00:01;37272;30.8;31.24;30.78;31.5
04-01-2011;00:00:01;35856;31.24;31.52;31.17;31.66
05-01-2011;00:00:01;37237;31.52;32.24;31.47;32.24
06-01-2011;00:00:01;38261;32.24;32.27;31.87;32.32
07-01-2011;00:00:01;36239;32.27;31.93;31.49;32.27
10-01-2011;00:00:01;44906;31.93;32.95;31.93;33.1
11-01-2011;00:00:01;5829;32.95;32.96;32.94;32.96
12-01-2011;00:00:01;38292;32.96;33.55;32.96;33.77
13-01-2011;00:00:01;37421;33.55;33.36;33.05;33.72
14-01-2011;00:00:01;31547;33.36;33.79;33.31;33.93
17-01-2011;00:00:01;5851;33.79;33.79;33.79;33.81
18-01-2011;00:00:01;35356;33.79;34.19;33.62;34.32
19-01-2011;00:00:01;41547;34.19;33.89;33.62;34.26
20-01-2011;00:00:01;46431;33.89;33.5;32.66;33.92
21-01-2011;00:00:01;31902;33.5;33.29;33.19;33.93
24-01-2011;00:00:01;37949;33.29;34.04;33.26;34.14
25-01-2011;00:00:01;55089;34.04;33.56;33;34.04
26-01-2011;00:00:01;43566;33.56;33.52;33.37;33.93
27-01-2011;00:00:01;37277;33.52;33.85;33.43;34.02
28-01-2011;00:00:01;56113;33.85;32.49;32.32;34.02
31-01-2011;00:00:01;31063;32.49;33.02;32.49;33.14
01-02-2011;00:00:01;41019;33.02;33.5;33.02;33.88
02-02-2011;00:00:01;30186;33.5;33.43;33.29;34
03-02-2011;00:00:01;30744;33.43;33.53;32.97;33.61
04-02-2011;00:00:01;32473;33.53;33.38;33.17;33.74
07-02-2011;00:00:01;31136;33.38;33.55;33.34;33.7
08-02-2011;00:00:01;25207;33.55;33.57;33.17;33.66
09-02-2011;00:00:01;32264;33.57;33.01;32.7;33.57
10-02-2011;00:00:01;34579;33.01;33.54;32.75;33.59
11-02-2011;00:00:01;30774;33.54;33.68;33.09;33.7
14-02-2011;00:00:01;27173;33.68;33.85;33.59;34.01
15-02-2011;00:00:01;26975;33.85;33.95;33.46;34.02
16-02-2011;00:00:01;44254;33.95;34.7;33.88;35.18
17-02-2011;00:00:01;33327;34.7;34.97;34.46;35.12
18-02-2011;00:00:01;35088;34.97;35.41;34.97;35.85
21-02-2011;00:00:01;5830;35.41;35.41;35.4;35.42
22-02-2011;00:00:01;39750;35.41;33.77;33.7;35.41
23-02-2011;00:00:01;39730;33.77;33.39;32.91;33.77
24-02-2011;00:00:01;42504;33.39;33.46;32.94;33.64
25-02-2011;00:00:01;37754;33.46;34.63;33.45;34.95
28-02-2011;00:00:01;29190;34.63;34.53;34.15;35
01-03-2011;00:00:01;43306;34.53;33.94;33.66;34.81
02-03-2011;00:00:01;32745;33.94;34.48;33.94;34.84
03-03-2011;00:00:01;28466;34.48;35.04;34.48;35.37
04-03-2011;00:00:01;32268;35.04;35.28;34.68;35.51
07-03-2011;00:00:01;28203;35.28;34.73;34.25;35.6
08-03-2011;00:00:01;31205;34.73;35.29;34.43;35.68
09-03-2011;00:00:01;34272;35.29;35.1;35.01;35.64
10-03-2011;00:00:01;43205;35.1;34.87;34.15;35.18
11-03-2011;00:00:01;38976;34.87;34.6;33.95;34.88
14-03-2011;00:00:01;26591;34.6;34.08;33.52;34.6
15-03-2011;00:00:01;38896;34.08;33.04;32.73;34.08
16-03-2011;00:00:01;61223;33.04;32.11;31.79;33.04
17-03-2011;00:00:01;43781;32.11;31.84;31.51;32.11
18-03-2011;00:00:01;41549;31.84;31.99;31.83;32.4
21-03-2011;00:00:01;38184;31.99;32.33;31.98;32.85
22-03-2011;00:00:01;33775;32.33;32.89;32.27;33.05
23-03-2011;00:00:01;53987;32.89;31.66;30.75;32.89
24-03-2011;00:00:01;40961;31.66;32.6;31.66;32.73
25-03-2011;00:00:01;40691;32.6;32.64;32.47;32.94
28-03-2011;00:00:01;28063;32.64;32.41;32.31;32.82
29-03-2011;00:00:01;32061;32.41;32.61;32.26;32.9
30-03-2011;00:00:01;28791;32.61;32.93;32.61;33.09
31-03-2011;00:00:01;33810;32.93;33.18;32.77;33.33
01-04-2011;00:00:01;40430;33.18;34.16;33.15;34.64
04-04-2011;00:00:01;33761;34.16;34.37;34.16;34.58
05-04-2011;00:00:01;32650;34.37;34.17;34.05;34.45
06-04-2011;00:00:01;36503;34.17;34.24;33.79;34.56
07-04-2011;00:00:01;42978;34.24;34.48;34.06;34.61
08-04-2011;00:00:01;36917;34.48;34.15;33.94;34.69
11-04-2011;00:00:01;35045;34.15;34.4;34.15;34.71
12-04-2011;00:00:01;33245;34.4;34.06;33.86;34.4
13-04-2011;00:00:01;18531;34.06;34.2;33.78;34.43
14-04-2011;00:00:01;33216;34.2;34.33;33.82;34.53
15-04-2011;00:00:01;22930;34.33;34.5;34.23;34.74
18-04-2011;00:00:01;33778;34.5;33.84;33.28;34.5
19-04-2011;00:00:01;18568;33.84;33.64;33.57;34.03
20-04-2011;00:00:01;39038;33.64;33.68;33.3;34.02
21-04-2011;00:00:01;32669;33.68;33.46;33.38;33.77
22-04-2011;00:00:01;5836;33.46;33.5;33.46;33.51
25-04-2011;00:00:01;21802;33.5;33.23;33.11;33.71
26-04-2011;00:00:01;29124;33.23;33.14;32.9;33.35
27-04-2011;00:00:01;28019;33.14;33.63;33.07;33.69
28-04-2011;00:00:01;32653;33.63;33.98;33.63;34.17
29-04-2011;00:00:01;18333;33.98;33.54;33.47;34.13
02-05-2011;00:00:01;34625;33.54;33.55;33.44;33.96
03-05-2011;00:00:01;16990;33.55;33.5;33.09;33.67
04-05-2011;00:00:01;45869;33.5;33.22;33;33.58
05-05-2011;00:00:01;46625;33.22;32.93;32.74;33.41
06-05-2011;00:00:01;38775;32.93;33.39;32.93;33.88
09-05-2011;00:00:01;28629;33.39;33.96;33.22;34.28
10-05-2011;00:00:01;22838;33.96;34.75;33.96;34.89
