Web Search Interest: highcharts; "google chart"; fusioncharts; amcharts
Worldwide; 2004 - present

Interest over time
Week,highcharts,"google chart",fusioncharts,amcharts
2004-01-04 - 2004-01-10,0,0,0,0
2004-01-11 - 2004-01-17,0,0,0,0
2004-01-18 - 2004-01-24,0,0,0,0
2004-01-25 - 2004-01-31,0,0,0,0
2004-02-01 - 2004-02-07,0,0,0,0
2004-02-08 - 2004-02-14,0,0,0,0
2004-02-15 - 2004-02-21,0,0,0,0
2004-02-22 - 2004-02-28,0,0,0,0
2004-02-29 - 2004-03-06,0,0,0,0
2004-03-07 - 2004-03-13,0,0,0,0
2004-03-14 - 2004-03-20,0,0,0,0
2004-03-21 - 2004-03-27,0,0,0,0
2004-03-28 - 2004-04-03,0,0,0,0
2004-04-04 - 2004-04-10,0,0,0,0
2004-04-11 - 2004-04-17,0,0,0,0
2004-04-18 - 2004-04-24,0,0,0,0
2004-04-25 - 2004-05-01,0,0,0,0
2004-05-02 - 2004-05-08,0,0,0,0
2004-05-09 - 2004-05-15,0,0,0,0
2004-05-16 - 2004-05-22,0,0,0,0
2004-05-23 - 2004-05-29,0,0,0,0
2004-05-30 - 2004-06-05,0,0,0,0
2004-06-06 - 2004-06-12,0,0,0,0
2004-06-13 - 2004-06-19,0,0,0,0
2004-06-20 - 2004-06-26,0,0,0,0
2004-06-27 - 2004-07-03,0,0,0,0
2004-07-04 - 2004-07-10,0,0,0,0
2004-07-11 - 2004-07-17,0,0,0,0
2004-07-18 - 2004-07-24,0,0,0,0
2004-07-25 - 2004-07-31,0,0,0,0
2004-08-01 - 2004-08-07,0,0,0,0
2004-08-08 - 2004-08-14,0,0,0,0
2004-08-15 - 2004-08-21,0,0,0,0
2004-08-22 - 2004-08-28,0,0,0,0
2004-08-29 - 2004-09-04,0,0,0,0
2004-09-05 - 2004-09-11,0,0,0,0
2004-09-12 - 2004-09-18,0,0,0,0
2004-09-19 - 2004-09-25,0,0,0,0
2004-09-26 - 2004-10-02,0,0,0,0
2004-10-03 - 2004-10-09,0,0,0,0
2004-10-10 - 2004-10-16,0,0,0,0
2004-10-17 - 2004-10-23,0,0,0,0
2004-10-24 - 2004-10-30,0,0,0,0
2004-10-31 - 2004-11-06,0,0,0,0
2004-11-07 - 2004-11-13,0,0,0,0
2004-11-14 - 2004-11-20,0,0,0,0
2004-11-21 - 2004-11-27,0,0,0,0
2004-11-28 - 2004-12-04,0,0,0,0
2004-12-05 - 2004-12-11,0,0,0,0
2004-12-12 - 2004-12-18,0,0,0,0
2004-12-19 - 2004-12-25,0,0,0,0
2004-12-26 - 2005-01-01,0,0,0,0
2005-01-02 - 2005-01-08,0,0,0,0
2005-01-09 - 2005-01-15,0,0,0,0
2005-01-16 - 2005-01-22,0,0,0,0
2005-01-23 - 2005-01-29,0,0,0,0
2005-01-30 - 2005-02-05,0,0,0,0
2005-02-06 - 2005-02-12,0,0,0,0
2005-02-13 - 2005-02-19,0,0,0,0
2005-02-20 - 2005-02-26,0,0,0,0
2005-02-27 - 2005-03-05,0,0,0,0
2005-03-06 - 2005-03-12,0,0,0,0
2005-03-13 - 2005-03-19,0,0,0,0
2005-03-20 - 2005-03-26,0,0,0,0
2005-03-27 - 2005-04-02,0,0,0,0
2005-04-03 - 2005-04-09,0,0,0,0
2005-04-10 - 2005-04-16,0,0,0,0
2005-04-17 - 2005-04-23,0,0,0,0
2005-04-24 - 2005-04-30,0,0,0,0
2005-05-01 - 2005-05-07,0,0,0,0
2005-05-08 - 2005-05-14,0,0,0,0
2005-05-15 - 2005-05-21,0,0,0,0
2005-05-22 - 2005-05-28,0,0,0,0
2005-05-29 - 2005-06-04,0,0,0,0
2005-06-05 - 2005-06-11,0,0,0,0
2005-06-12 - 2005-06-18,0,0,0,0
2005-06-19 - 2005-06-25,0,0,0,0
2005-06-26 - 2005-07-02,0,0,0,0
2005-07-03 - 2005-07-09,0,0,0,0
2005-07-10 - 2005-07-16,0,0,0,0
2005-07-17 - 2005-07-23,0,0,0,0
2005-07-24 - 2005-07-30,0,0,0,0
2005-07-31 - 2005-08-06,0,0,0,0
2005-08-07 - 2005-08-13,0,0,0,0
2005-08-14 - 2005-08-20,0,0,0,0
2005-08-21 - 2005-08-27,0,0,0,0
2005-08-28 - 2005-09-03,0,0,0,0
2005-09-04 - 2005-09-10,0,0,0,0
2005-09-11 - 2005-09-17,0,0,0,0
2005-09-18 - 2005-09-24,0,0,0,0
2005-09-25 - 2005-10-01,0,0,0,0
2005-10-02 - 2005-10-08,0,0,0,0
2005-10-09 - 2005-10-15,0,0,0,0
2005-10-16 - 2005-10-22,0,0,0,0
2005-10-23 - 2005-10-29,0,0,0,0
2005-10-30 - 2005-11-05,0,0,0,0
2005-11-06 - 2005-11-12,0,0,0,0
2005-11-13 - 2005-11-19,0,0,0,0
2005-11-20 - 2005-11-26,0,0,0,0
2005-11-27 - 2005-12-03,0,0,0,0
2005-12-04 - 2005-12-10,0,0,0,0
2005-12-11 - 2005-12-17,0,0,0,0
2005-12-18 - 2005-12-24,0,0,0,0
2005-12-25 - 2005-12-31,0,0,0,0
2006-01-01 - 2006-01-07,0,0,0,0
2006-01-08 - 2006-01-14,0,0,0,0
2006-01-15 - 2006-01-21,0,0,0,0
2006-01-22 - 2006-01-28,0,0,0,0
2006-01-29 - 2006-02-04,0,0,0,0
2006-02-05 - 2006-02-11,0,0,0,0
2006-02-12 - 2006-02-18,0,0,0,0
2006-02-19 - 2006-02-25,0,0,17,0
2006-02-26 - 2006-03-04,0,0,18,0
2006-03-05 - 2006-03-11,0,0,19,0
2006-03-12 - 2006-03-18,0,0,16,0
2006-03-19 - 2006-03-25,0,0,16,0
2006-03-26 - 2006-04-01,0,0,16,0
2006-04-02 - 2006-04-08,0,0,17,0
2006-04-09 - 2006-04-15,0,0,17,0
2006-04-16 - 2006-04-22,0,0,18,0
2006-04-23 - 2006-04-29,0,0,17,0
2006-04-30 - 2006-05-06,0,0,17,0
2006-05-07 - 2006-05-13,0,0,17,0
2006-05-14 - 2006-05-20,0,0,16,0
2006-05-21 - 2006-05-27,0,0,0,0
2006-05-28 - 2006-06-03,0,0,0,0
2006-06-04 - 2006-06-10,0,0,0,0
2006-06-11 - 2006-06-17,0,0,0,0
2006-06-18 - 2006-06-24,0,0,0,0
2006-06-25 - 2006-07-01,0,0,0,0
2006-07-02 - 2006-07-08,0,0,0,0
2006-07-09 - 2006-07-15,0,0,0,0
2006-07-16 - 2006-07-22,0,0,0,0
2006-07-23 - 2006-07-29,0,0,0,0
2006-07-30 - 2006-08-05,0,0,19,0
2006-08-06 - 2006-08-12,0,0,17,0
2006-08-13 - 2006-08-19,0,0,17,0
2006-08-20 - 2006-08-26,0,0,17,0
2006-08-27 - 2006-09-02,0,0,17,0
2006-09-03 - 2006-09-09,0,0,16,0
2006-09-10 - 2006-09-16,0,0,14,0
2006-09-17 - 2006-09-23,0,0,14,0
2006-09-24 - 2006-09-30,0,0,14,0
2006-10-01 - 2006-10-07,0,0,14,0
2006-10-08 - 2006-10-14,0,0,14,0
2006-10-15 - 2006-10-21,0,0,17,0
2006-10-22 - 2006-10-28,0,0,0,0
2006-10-29 - 2006-11-04,0,0,0,0
2006-11-05 - 2006-11-11,0,0,0,0
2006-11-12 - 2006-11-18,0,0,0,0
2006-11-19 - 2006-11-25,0,0,0,0
2006-11-26 - 2006-12-02,0,0,13,0
2006-12-03 - 2006-12-09,0,0,12,0
2006-12-10 - 2006-12-16,0,0,12,0
2006-12-17 - 2006-12-23,0,0,20,0
2006-12-24 - 2006-12-30,0,0,15,0
2006-12-31 - 2007-01-06,0,0,15,0
2007-01-07 - 2007-01-13,0,0,15,0
2007-01-14 - 2007-01-20,0,0,18,0
2007-01-21 - 2007-01-27,0,0,15,0
2007-01-28 - 2007-02-03,0,0,26,0
2007-02-04 - 2007-02-10,0,0,21,0
2007-02-11 - 2007-02-17,0,0,22,0
2007-02-18 - 2007-02-24,0,0,22,0
2007-02-25 - 2007-03-03,0,0,15,0
2007-03-04 - 2007-03-10,0,0,12,0
2007-03-11 - 2007-03-17,0,0,19,0
2007-03-18 - 2007-03-24,0,0,15,0
2007-03-25 - 2007-03-31,0,0,23,0
2007-04-01 - 2007-04-07,0,0,22,0
2007-04-08 - 2007-04-14,0,0,15,0
2007-04-15 - 2007-04-21,0,0,18,0
2007-04-22 - 2007-04-28,0,0,19,0
2007-04-29 - 2007-05-05,0,0,18,0
2007-05-06 - 2007-05-12,0,0,20,0
2007-05-13 - 2007-05-19,0,0,15,0
2007-05-20 - 2007-05-26,0,0,19,0
2007-05-27 - 2007-06-02,0,0,16,0
2007-06-03 - 2007-06-09,0,0,29,0
2007-06-10 - 2007-06-16,0,0,18,0
2007-06-17 - 2007-06-23,0,0,10,0
2007-06-24 - 2007-06-30,0,0,22,0
2007-07-01 - 2007-07-07,0,0,26,0
2007-07-08 - 2007-07-14,0,0,14,0
2007-07-15 - 2007-07-21,0,0,12,0
2007-07-22 - 2007-07-28,0,0,20,0
2007-07-29 - 2007-08-04,0,0,21,0
2007-08-05 - 2007-08-11,0,0,30,0
2007-08-12 - 2007-08-18,0,0,26,0
2007-08-19 - 2007-08-25,0,0,15,0
2007-08-26 - 2007-09-01,0,0,17,0
2007-09-02 - 2007-09-08,0,0,14,0
2007-09-09 - 2007-09-15,0,0,21,0
2007-09-16 - 2007-09-22,0,0,20,10
2007-09-23 - 2007-09-29,0,0,16,11
2007-09-30 - 2007-10-06,0,0,21,9
2007-10-07 - 2007-10-13,0,0,19,11
2007-10-14 - 2007-10-20,0,0,15,10
2007-10-21 - 2007-10-27,0,0,21,11
2007-10-28 - 2007-11-03,0,0,23,14
2007-11-04 - 2007-11-10,0,8,18,17
2007-11-11 - 2007-11-17,0,16,18,10
2007-11-18 - 2007-11-24,0,24,13,10
2007-11-25 - 2007-12-01,0,32,29,11
2007-12-02 - 2007-12-08,0,41,28,9
2007-12-09 - 2007-12-15,0,93,16,9
2007-12-16 - 2007-12-22,0,67,22,8
2007-12-23 - 2007-12-29,0,33,17,9
2007-12-30 - 2008-01-05,0,49,13,10
2008-01-06 - 2008-01-12,0,43,24,12
2008-01-13 - 2008-01-19,0,34,22,13
2008-01-20 - 2008-01-26,0,37,21,11
2008-01-27 - 2008-02-02,0,41,18,10
2008-02-03 - 2008-02-09,0,35,16,7
2008-02-10 - 2008-02-16,0,38,22,9
2008-02-17 - 2008-02-23,0,42,25,7
2008-02-24 - 2008-03-01,0,33,27,7
2008-03-02 - 2008-03-08,0,35,26,7
2008-03-09 - 2008-03-15,0,43,27,7
2008-03-16 - 2008-03-22,0,41,22,7
2008-03-23 - 2008-03-29,0,46,22,9
2008-03-30 - 2008-04-05,0,43,25,8
2008-04-06 - 2008-04-12,0,40,19,7
2008-04-13 - 2008-04-19,0,46,26,10
2008-04-20 - 2008-04-26,0,46,29,10
2008-04-27 - 2008-05-03,0,40,28,9
2008-05-04 - 2008-05-10,0,46,29,9
2008-05-11 - 2008-05-17,0,37,28,11
2008-05-18 - 2008-05-24,0,44,26,13
2008-05-25 - 2008-05-31,0,42,25,10
2008-06-01 - 2008-06-07,0,42,23,10
2008-06-08 - 2008-06-14,0,52,23,11
2008-06-15 - 2008-06-21,0,38,21,8
2008-06-22 - 2008-06-28,0,44,25,9
2008-06-29 - 2008-07-05,0,50,25,11
2008-07-06 - 2008-07-12,0,58,27,11
2008-07-13 - 2008-07-19,0,50,24,13
2008-07-20 - 2008-07-26,0,38,35,12
2008-07-27 - 2008-08-02,0,46,26,8
2008-08-03 - 2008-08-09,0,43,26,9
2008-08-10 - 2008-08-16,0,47,21,8
2008-08-17 - 2008-08-23,0,40,19,8
2008-08-24 - 2008-08-30,0,34,21,9
2008-08-31 - 2008-09-06,0,32,19,10
2008-09-07 - 2008-09-13,0,34,27,7
2008-09-14 - 2008-09-20,0,39,23,9
2008-09-21 - 2008-09-27,0,44,25,8
2008-09-28 - 2008-10-04,0,38,22,10
2008-10-05 - 2008-10-11,0,50,25,12
2008-10-12 - 2008-10-18,0,41,30,12
2008-10-19 - 2008-10-25,0,39,25,7
2008-10-26 - 2008-11-01,0,49,37,12
2008-11-02 - 2008-11-08,0,41,22,9
2008-11-09 - 2008-11-15,0,47,28,6
2008-11-16 - 2008-11-22,0,40,30,11
2008-11-23 - 2008-11-29,0,43,26,11
2008-11-30 - 2008-12-06,0,53,31,12
2008-12-07 - 2008-12-13,0,46,29,13
2008-12-14 - 2008-12-20,0,42,20,16
2008-12-21 - 2008-12-27,0,29,19,10
2008-12-28 - 2009-01-03,0,28,8,11
2009-01-04 - 2009-01-10,0,34,26,13
2009-01-11 - 2009-01-17,0,52,29,13
2009-01-18 - 2009-01-24,0,47,32,14
2009-01-25 - 2009-01-31,0,40,25,12
2009-02-01 - 2009-02-07,0,48,26,12
2009-02-08 - 2009-02-14,0,46,37,10
2009-02-15 - 2009-02-21,0,52,30,10
2009-02-22 - 2009-02-28,0,40,34,12
2009-03-01 - 2009-03-07,0,41,31,7
2009-03-08 - 2009-03-14,0,41,35,13
2009-03-15 - 2009-03-21,0,38,35,9
2009-03-22 - 2009-03-28,0,43,32,10
2009-03-29 - 2009-04-04,0,36,31,22
2009-04-05 - 2009-04-11,0,47,36,12
2009-04-12 - 2009-04-18,0,43,33,10
2009-04-19 - 2009-04-25,0,44,45,13
2009-04-26 - 2009-05-02,0,33,34,10
2009-05-03 - 2009-05-09,0,51,32,12
2009-05-10 - 2009-05-16,0,45,33,19
2009-05-17 - 2009-05-23,0,42,33,14
2009-05-24 - 2009-05-30,0,36,33,12
2009-05-31 - 2009-06-06,0,40,30,22
2009-06-07 - 2009-06-13,0,46,35,14
2009-06-14 - 2009-06-20,0,50,30,20
2009-06-21 - 2009-06-27,0,38,26,13
2009-06-28 - 2009-07-04,0,43,34,20
2009-07-05 - 2009-07-11,0,36,37,12
2009-07-12 - 2009-07-18,0,32,40,17
2009-07-19 - 2009-07-25,0,31,34,13
2009-07-26 - 2009-08-01,0,44,50,14
2009-08-02 - 2009-08-08,0,42,35,10
2009-08-09 - 2009-08-15,0,34,36,16
2009-08-16 - 2009-08-22,0,33,33,21
2009-08-23 - 2009-08-29,0,43,35,13
2009-08-30 - 2009-09-05,0,43,41,16
2009-09-06 - 2009-09-12,0,41,41,12
2009-09-13 - 2009-09-19,0,42,37,21
2009-09-20 - 2009-09-26,0,40,38,20
2009-09-27 - 2009-10-03,0,36,31,17
2009-10-04 - 2009-10-10,0,42,29,17
2009-10-11 - 2009-10-17,0,44,35,13
2009-10-18 - 2009-10-24,0,41,39,13
2009-10-25 - 2009-10-31,0,36,43,12
2009-11-01 - 2009-11-07,0,40,32,11
2009-11-08 - 2009-11-14,0,51,33,13
2009-11-15 - 2009-11-21,0,53,40,21
2009-11-22 - 2009-11-28,0,36,38,14
2009-11-29 - 2009-12-05,5,40,47,14
2009-12-06 - 2009-12-12,7,38,45,17
2009-12-13 - 2009-12-19,5,41,40,8
2009-12-20 - 2009-12-26,10,39,39,13
2009-12-27 - 2010-01-02,5,25,31,11
2010-01-03 - 2010-01-09,5,36,37,12
2010-01-10 - 2010-01-16,7,37,43,16
2010-01-17 - 2010-01-23,10,39,42,12
2010-01-24 - 2010-01-30,9,37,32,13
2010-01-31 - 2010-02-06,7,43,40,13
2010-02-07 - 2010-02-13,10,45,45,13
2010-02-14 - 2010-02-20,7,46,30,12
2010-02-21 - 2010-02-27,7,54,44,15
2010-02-28 - 2010-03-06,9,43,40,14
2010-03-07 - 2010-03-13,6,42,49,18
2010-03-14 - 2010-03-20,10,49,42,17
2010-03-21 - 2010-03-27,9,44,43,15
2010-03-28 - 2010-04-03,7,64,36,17
2010-04-04 - 2010-04-10,12,44,42,12
2010-04-11 - 2010-04-17,10,47,33,15
2010-04-18 - 2010-04-24,13,50,47,15
2010-04-25 - 2010-05-01,13,55,39,15
2010-05-02 - 2010-05-08,11,48,35,13
2010-05-09 - 2010-05-15,12,44,35,15
2010-05-16 - 2010-05-22,11,58,42,14
2010-05-23 - 2010-05-29,19,48,42,19
2010-05-30 - 2010-06-05,15,43,41,19
2010-06-06 - 2010-06-12,14,47,50,15
2010-06-13 - 2010-06-19,12,55,40,17
2010-06-20 - 2010-06-26,18,50,45,18
2010-06-27 - 2010-07-03,15,45,39,23
2010-07-04 - 2010-07-10,14,41,40,14
2010-07-11 - 2010-07-17,16,46,34,16
2010-07-18 - 2010-07-24,22,43,35,13
2010-07-25 - 2010-07-31,23,43,47,13
2010-08-01 - 2010-08-07,17,41,34,15
2010-08-08 - 2010-08-14,16,45,36,13
2010-08-15 - 2010-08-21,15,39,36,9
2010-08-22 - 2010-08-28,18,54,37,13
2010-08-29 - 2010-09-04,23,46,34,12
2010-09-05 - 2010-09-11,18,41,31,11
2010-09-12 - 2010-09-18,21,47,35,14
2010-09-19 - 2010-09-25,20,52,36,11
2010-09-26 - 2010-10-02,15,44,36,15
2010-10-03 - 2010-10-09,19,48,33,15
2010-10-10 - 2010-10-16,19,51,57,11
2010-10-17 - 2010-10-23,26,53,41,11
2010-10-24 - 2010-10-30,28,56,39,11
2010-10-31 - 2010-11-06,22,48,36,11
2010-11-07 - 2010-11-13,28,51,39,13
2010-11-14 - 2010-11-20,28,49,37,11
2010-11-21 - 2010-11-27,31,44,34,10
2010-11-28 - 2010-12-04,30,51,36,14
2010-12-05 - 2010-12-11,23,49,35,10
2010-12-12 - 2010-12-18,32,54,41,15
2010-12-19 - 2010-12-25,28,35,40,15
2010-12-26 - 2011-01-01,17,36,33,8
2011-01-02 - 2011-01-08,23,47,45,11
2011-01-09 - 2011-01-15,29,55,37,11
2011-01-16 - 2011-01-22,33,49,34,13
2011-01-23 - 2011-01-29,31,48,28,14
2011-01-30 - 2011-02-05,31,46,28,10
2011-02-06 - 2011-02-12,34,45,29,11
2011-02-13 - 2011-02-19,41,50,35,10
2011-02-20 - 2011-02-26,41,44,30,14
2011-02-27 - 2011-03-05,39,46,32,13
2011-03-06 - 2011-03-12,36,61,42,14
2011-03-13 - 2011-03-19,41,52,32,15
2011-03-20 - 2011-03-26,40,46,42,17
2011-03-27 - 2011-04-02,42,43,37,13
2011-04-03 - 2011-04-09,38,53,28,16
2011-04-10 - 2011-04-16,57,52,36,10
2011-04-17 - 2011-04-23,54,41,34,13
2011-04-24 - 2011-04-30,41,44,28,15
2011-05-01 - 2011-05-07,44,46,31,12
2011-05-08 - 2011-05-14,44,52,30,16
2011-05-15 - 2011-05-21,55,53,27,16
2011-05-22 - 2011-05-28,52,54,33,17
2011-05-29 - 2011-06-04,46,55,31,14
2011-06-05 - 2011-06-11,55,56,36,20
2011-06-12 - 2011-06-18,51,52,32,16
2011-06-19 - 2011-06-25,44,58,25,15
2011-06-26 - 2011-07-02,49,51,32,14
2011-07-03 - 2011-07-09,58,51,36,14
2011-07-10 - 2011-07-16,57,56,43,16
2011-07-17 - 2011-07-23,52,53,28,15
2011-07-24 - 2011-07-30,51,61,27,15
2011-07-31 - 2011-08-06,54,50,37,18
2011-08-07 - 2011-08-13,55,57,27,14
2011-08-14 - 2011-08-20,64,51,30,15
2011-08-21 - 2011-08-27,62,54,24,15
2011-08-28 - 2011-09-03,50,50,28,12
2011-09-04 - 2011-09-10,59,57,30,15
2011-09-11 - 2011-09-17,64,53,29,12
2011-09-18 - 2011-09-24,59,52,26,12
2011-09-25 - 2011-10-01,62,52,27,15
2011-10-02 - 2011-10-08,48,58,26,13
2011-10-09 - 2011-10-15,61,54,28,13
2011-10-16 - 2011-10-22,54,55,25,14
2011-10-23 - 2011-10-29,56,56,22,14
2011-10-30 - 2011-11-05,61,51,25,11
2011-11-06 - 2011-11-12,60,50,22,12
2011-11-13 - 2011-11-19,64,61,23,13
2011-11-20 - 2011-11-26,68,58,19,12
2011-11-27 - 2011-12-03,54,53,27,12
2011-12-04 - 2011-12-10,67,59,24,12
2011-12-11 - 2011-12-17,61,54,27,18
2011-12-18 - 2011-12-24,58,58,22,7
2011-12-25 - 2011-12-31,45,38,24,10
2012-01-01 - 2012-01-07,56,40,21,13
2012-01-08 - 2012-01-14,62,56,26,9
2012-01-15 - 2012-01-21,64,42,32,12
2012-01-22 - 2012-01-28,76,44,23,10
2012-01-29 - 2012-02-04,74,57,29,11
2012-02-05 - 2012-02-11,75,51,31,14
2012-02-12 - 2012-02-18,81,51,30,13
2012-02-19 - 2012-02-25,75,58,23,13
2012-02-26 - 2012-03-03,75,59,30,11
2012-03-04 - 2012-03-10,80,49,29,14
2012-03-11 - 2012-03-17,70,62,25,16
2012-03-18 - 2012-03-24,78,50,27,14
2012-03-25 - 2012-03-31,83,55,28,12
2012-04-01 - 2012-04-07,88,53,26,14
2012-04-08 - 2012-04-14,69,55,26,14
2012-04-15 - 2012-04-21,79,58,32,14
2012-04-22 - 2012-04-28,80,61,28,13
2012-04-29 - 2012-05-05,68,54,22,9
2012-05-06 - 2012-05-12,81,55,36,17
2012-05-13 - 2012-05-19,87,52,34,12
2012-05-20 - 2012-05-26,86,55,32,14
2012-05-27 - 2012-06-02,82,51,36,13
2012-06-03 - 2012-06-09,84,51,24,16
2012-06-10 - 2012-06-16,89,56,26,15
2012-06-17 - 2012-06-23,85,51,28,15
2012-06-24 - 2012-06-30,84,58,28,15
2012-07-01 - 2012-07-07,87,60,23,11
2012-07-08 - 2012-07-14,86,52,29,11
2012-07-15 - 2012-07-21,91,50,32,10
2012-07-22 - 2012-07-28,88,51,30,15
2012-07-29 - 2012-08-04,87,51,25,12
2012-08-05 - 2012-08-11,100,47,29,14
2012-08-12 - 2012-08-18,96,41,28,12
2012-08-19 - 2012-08-25,91,53,29,10
2012-08-26 - 2012-09-01,93,53,25,12
2012-09-02 - 2012-09-08,88,46,36,15
2012-09-09 - 2012-09-15,98,50,35,14
2012-09-16 - 2012-09-22,86,49,34,12
2012-09-23 - 2012-09-29,94,54,31,14
2012-09-30 - 2012-10-06,92,51,25,12
2012-10-07 - 2012-10-13, , , , 
2012-10-14 - 2012-10-20, , , , 
2012-10-21 - 2012-10-27, , , , 
2012-10-28 - 2012-11-03, , , , 


Top regions for highcharts
Region,highcharts,"google chart",fusioncharts,amcharts
India,100,61,100,100
China,70,25,100,86
United States,45,31,17,23
Netherlands,45,31,21,0
Australia,42,28,0,0
United Kingdom,33,26,12,23
France,32,22,9,29
Canada,30,26,11,0
Germany,30,22,9,21
Brazil,26,25,18,0
Italy,23,23,10,0
Japan,23,48,0,36
Spain,22,22,11,0
South Korea,0,97,0,0
Mexico,0,0,21,0
Poland,0,14,0,0
Sweden,0,35,0,0
Taiwan,0,100,0,0

Top regions for "google chart"
Region,highcharts,"google chart",fusioncharts,amcharts
Taiwan,0,100,0,0
South Korea,0,97,0,0
India,100,61,100,100
Japan,23,48,0,36
Sweden,0,35,0,0
Netherlands,45,31,21,0
United States,45,31,17,23
Australia,42,28,0,0
Canada,30,26,11,0
United Kingdom,33,26,12,23
China,70,25,100,86
Brazil,26,25,18,0
Italy,23,23,10,0
Germany,30,22,9,21
France,32,22,9,29
Spain,22,22,11,0
Poland,0,14,0,0
Mexico,0,0,21,0

Top regions for fusioncharts
Region,highcharts,"google chart",fusioncharts,amcharts
India,100,61,100,100
China,70,25,100,86
Netherlands,45,31,21,0
Mexico,0,0,21,0
Brazil,26,25,18,0
United States,45,31,17,23
United Kingdom,33,26,12,23
Canada,30,26,11,0
Spain,22,22,11,0
Italy,23,23,10,0
France,32,22,9,29
Germany,30,22,9,21
Australia,42,28,0,0
Japan,23,48,0,36
South Korea,0,97,0,0
Poland,0,14,0,0
Sweden,0,35,0,0
Taiwan,0,100,0,0

Top regions for amcharts
Region,highcharts,"google chart",fusioncharts,amcharts
India,100,61,100,100
China,70,25,100,86
Japan,23,48,0,36
France,32,22,9,29
United Kingdom,33,26,12,23
United States,45,31,17,23
Germany,30,22,9,21
Australia,42,28,0,0
Brazil,26,25,18,0
Canada,30,26,11,0
Spain,22,22,11,0
Italy,23,23,10,0
South Korea,0,97,0,0
Mexico,0,0,21,0
Netherlands,45,31,21,0
Poland,0,14,0,0
Sweden,0,35,0,0
Taiwan,0,100,0,0


Top cities for highcharts
City,highcharts
Bangalore (India),100
Chennai (India),90
Beijing (China),56
San Francisco (United States),53
New York (United States),30
Paris (France),23
London (United Kingdom),17
Madrid (Spain),8

Top cities for "google chart"
City,"google chart"
Seoul (South Korea),100
Hong Kong (Hong Kong),71
San Francisco (United States),55
Beijing (China),44
New Delhi (India),35
New York (United States),26
Paris (France),25
Sao Paulo (Brazil),25
London (United Kingdom),23
Madrid (Spain),16

Top cities for fusioncharts
City,fusioncharts
Beijing (China),100
Bangalore (India),95
Chennai (India),80
Shanghai (China),54
Mumbai (India),50
Guangzhou (China),50
New Delhi (India),33
Amsterdam (Netherlands),16
Sao Paulo (Brazil),15
London (United Kingdom),10
Madrid (Spain),7

Top cities for amcharts
City,amcharts
Beijing (China),100
Paris (France),28
London (United Kingdom),20



Top searches for highcharts
jquery highcharts,100
highcharts javascript,95
highcharts php,40
highchart,40
highcharts api,40
highcharts series,40
highcharts js,30
highcharts pie,30
highcharts json,30
highcharts date,30
highcharts color,25
highcharts legend,25
highcharts tooltip,20
highcharts demo,20
highcharts example,20
highcharts ajax,20
highcharts export,15
high charts,15
highcharts mysql,15
highcharts xaxis,15
highcharts labels,15
highcharts pie chart,15
highcharts click,15
jquery chart,15
highcharts svg,15
rails highcharts,15
highcharts width,15
highcharts examples,10
highcharts datetime,10
highcharts tutorial,10
javascript charts,10
highcharts zoom,10
highcharts download,10
jquery charts,10
highcharts options,10
highcharts documentation,10
highcharts formatter,10
highcharts asp.net,10
fusioncharts,10
highcharts extjs,10
highcharts yaxis,10
highstock,10
highcharts colors,10
highcharts redraw,10
highcharts height,10
highcharts gwt,10
highcharts android,5
highcharts php mysql,5
hightcharts,5
highcharts chrome,5


Top searches for "google chart"
google api chart,100
google api,100
chart api,100
google charts,30
php google chart,20
php chart,20
google chart tools,15
google graph,15
jquery chart,10
charts api,10
jquery google chart,10
google charts api,10
google chart data,10
google chart qr,10
google chart line,10
google chart visualization,5
google visualization,5
google chart image,5
google chart map,5
google chart generator,5
google chart example,5
google chart bar,5
google chart pie,5
google chart download,5
google graphs,5
google chart examples,5
google chart maps,5
google chart color,5
google qr code,5
google chart flash,5
google graph api,5
google chart wizard,5
python google chart,5
google chart url,5
google visualization api,5
google charts php,5
google chart table,5
google chart tutorial,5
google chart tool,5
google chart library,5
google chart json,5
google chart maker,5
javascript charts,5
google グラフ,5
jquery charts,5


Top searches for fusioncharts
free fusioncharts,100
fusion charts,80
fusioncharts php,45
fusioncharts download,40
fusion chart,40
fusionchart,35
fusioncharts javascript,35
fusioncharts xml,35
fusioncharts documentation,30
fusioncharts v3,25
flex fusioncharts,25
fusioncharts 中文,20
fusioncharts java,20
flash chart,20
jquery fusioncharts,20
flash charts,15
fusioncharts 破解,15
fusioncharts asp.net,15
fusioncharts line,15
fusioncharts swf,15
fusioncharts example,15
fusioncharts crack,15
fusion charts free,15
fusioncharts tutorial,15
fusioncharts pie,15
fusioncharts export,10
fusioncharts api,10
fusioncharts mysql,10
fusioncharts torrent,10
fusioncharts c#,10
fusioncharts examples,10
fusioncharts 下载,10
fusioncharts enterprise,10
fusioncharts forum,10
fusioncharts link,10
fusioncharts 使用,10
fusioncharts legend,10
highcharts,10
fusioncharts ajax,10
fusioncharts rapidshare,10
fusioncharts jsp,10
fusioncharts html5,10
fusioncharts full,5
fusioncharts 破解版,5
new fusioncharts,5
fusioncharts demo,5
fusioncharts print,5
fusioncharts sharepoint,5


Top searches for amcharts
amcharts flash,100
amcharts javascript,75
amchart,75
amcharts php,60
flex amcharts,55
amcharts xml,30
amcharts stock,30
java amcharts,30
flash charts,20



Rising searches for highcharts
highchart,Breakout
highcharts api,Breakout
highcharts color,Breakout
highcharts date,Breakout
highcharts javascript,Breakout
highcharts js,Breakout
highcharts json,Breakout
highcharts legend,Breakout
highcharts php,Breakout
highcharts pie,Breakout


Rising searches for "google chart"
chart api,Breakout
charts api,Breakout
google api,Breakout
google api chart,Breakout
google chart tools,Breakout
google charts,Breakout
google graph,Breakout
jquery chart,Breakout
jquery google chart,Breakout
php chart,Breakout


Rising searches for fusioncharts
free fusioncharts,Breakout
fusion chart,Breakout
fusion charts,Breakout
fusionchart,Breakout
fusioncharts documentation,Breakout
fusioncharts download,Breakout
fusioncharts javascript,Breakout
fusioncharts php,Breakout
fusioncharts xml,Breakout


Rising searches for amcharts
amchart,Breakout
amcharts flash,Breakout
amcharts javascript,Breakout
amcharts php,Breakout
amcharts stock,Breakout
amcharts xml,Breakout
flex amcharts,Breakout
java amcharts,Breakout



